gene,true_mean,poisson_mean,poisson_var,poisson_frac_zero,nb_mean,nb_var,nb_frac_zero,nb_est_dispersion
gene_0,828.7989332956554,827.05,905.125641025641,0.0,814.65,20815.05384615385,0.0,0.03013676567310253
gene_1,6.771502958848132,7.425,8.660897435897436,0.0,7.3,13.24102564102564,0.0,0.11148481217703426
gene_2,538.7184111486816,539.3,527.0871794871795,0.0,548.0,12309.794871794871,0.0,0.03916629439432985
gene_3,2.6056944234565638,2.55,1.9974358974358977,0.025,2.375,4.907051282051282,0.225,0.4488955180680131
gene_4,4.1384689816010205,4.15,4.233333333333334,0.0,3.8,11.65128205128205,0.175,0.5437175935414359
gene_5,0.8190667863416751,0.6,0.5025641025641026,0.5,0.65,0.9,0.6,0.5917159749308497
gene_6,2.2191263300799395,2.3,2.574358974358974,0.05,2.05,3.6384615384615384,0.2,0.3779801399365993
gene_7,4.119729968538878,3.95,4.151282051282052,0.075,4.45,12.04871794871795,0.05,0.3837251836048087
gene_8,748.6474645989767,744.925,763.5583333333333,0.0,762.025,11633.409615384615,0.0,0.018721749135514085
gene_9,2.647124179212879,2.45,1.6384615384615384,0.05,2.525,4.358333333333333,0.225,0.28755350778092814
gene_10,11.054050064234879,10.9,9.938461538461539,0.0,11.3,42.01025641025641,0.0,0.24050635453062807
gene_11,43.10700332300978,43.625,32.75320512820513,0.0,48.225,283.30705128205136,0.0,0.10108227295832549
gene_12,333.1766352924892,335.775,399.1532051282051,0.0,332.2,3417.1384615384613,0.0,0.027954211642327143
gene_13,333.54301311604354,338.325,591.4557692307693,0.0,340.55,3412.6641025641024,0.0,0.02648961051146719
gene_14,72.79215834140457,73.8,79.70256410256411,0.0,63.5,312.8205128205128,0.0,0.06183161084269353
gene_15,64.50007473704353,62.175,61.07115384615385,0.0,66.225,291.25576923076926,0.0,0.051309522239586514
gene_16,118.89181146051111,119.275,89.43525641025641,0.0,116.275,520.0506410256411,0.0,0.029865336947255475
gene_17,1.9038722483899586,1.7,1.7025641025641023,0.15,1.725,4.922435897435898,0.375,1.0745426242760276
gene_18,1.2654111192504753,1.35,1.6179487179487182,0.25,1.6,5.57948717948718,0.425,1.5544871788799577
gene_19,351.9268511621845,353.25,355.4230769230769,0.0,352.4,4459.887179487179,0.0,0.033075347604162884
gene_20,0.5134348011927337,0.575,0.507051282051282,0.525,0.775,1.2557692307692307,0.575,0.8004482496878792
gene_21,78.14679690887716,80.875,57.342948717948715,0.0,80.0,294.15384615384613,0.0,0.03346153846153323
gene_22,70.6859447622032,72.825,66.09679487179486,0.0,72.325,342.12243589743593,0.0,0.051577576664343726
gene_23,43.5073802883273,44.25,39.833333333333336,0.0,43.55,164.4076923076923,0.0,0.06372325898949759
gene_24,0.5134292356921325,0.55,0.35641025641025637,0.5,0.375,0.5480769230769231,0.75,1.2307692220170945
gene_25,835.9733978216927,835.975,855.2044871794873,0.0,833.925,10698.789102564104,0.0,0.014185254096089254
gene_26,10.872531976477395,11.4,14.451282051282051,0.0,10.8,37.241025641025644,0.0,0.22668917730451774
gene_27,23.125044403966307,22.7,16.369230769230768,0.0,23.35,70.79743589743589,0.0,0.08702398726638914
gene_28,0.3243119907593831,0.325,0.225,0.675,0.3,0.31794871794871793,0.75,0.19943019721430827
gene_29,2.3957134396614936,2.4,2.246153846153846,0.1,3.0,9.076923076923077,0.2,0.6752136751386514
gene_30,319.6807835193371,320.325,360.6352564102564,0.0,332.425,3242.0455128205126,0.0,0.02632988698357784
gene_31,9.739669705029725,9.975,8.948076923076924,0.0,8.8,28.061538461538465,0.0,0.24872854417987775
gene_32,118.95055676053492,116.35,74.3871794871795,0.0,119.075,643.250641025641,0.0,0.03696882561533269
gene_33,533.5206810983784,533.075,466.8916666666666,0.0,555.575,4198.301923076923,0.0,0.011801609103674964
gene_34,1.089330337965544,1.175,1.378846153846154,0.35,1.175,2.866025641025641,0.5,1.2248261764062034
gene_35,939.5227553068723,935.55,1122.3051282051283,0.0,926.375,20438.65064102564,0.0,0.022737058013095106
gene_36,1.3745522085760933,1.2,1.1897435897435897,0.3,1.425,1.4301282051282054,0.25,0.0025254318870692027
gene_37,617.1562876546852,625.35,390.18205128205125,0.0,617.325,5632.737820512821,0.0,0.013160698974990236
gene_38,0.6369285164207803,0.775,0.8455128205128207,0.5,1.075,2.3275641025641027,0.45,1.0838845659104106
gene_39,13.763773043830101,13.4,12.143589743589745,0.0,12.575,26.096794871794874,0.0,0.08551028538405743
gene_40,252.03578024597402,252.65,255.82307692307697,0.0,256.275,1465.3839743589745,0.0,0.01840996489027117
gene_41,3.0456705250894283,3.35,4.8999999999999995,0.075,2.2,3.8564102564102574,0.175,0.34223352398099655
gene_42,348.19320303057486,348.7,362.21538461538466,0.0,349.225,2429.4608974358976,0.0,0.01705697191720167
gene_43,826.9095545549319,830.125,608.2147435897435,0.0,801.425,19583.173717948717,0.0,0.029242214202493424
gene_44,279.25297019545906,285.175,213.01987179487182,0.0,275.35,1878.3358974358976,0.0,0.021142655817727285
gene_45,11.777621715312755,11.425,8.404487179487178,0.0,14.15,52.18205128205128,0.0,0.1899489382155419
gene_46,6.262958070763696,6.775,7.563461538461539,0.0,5.85,9.976923076923077,0.0,0.12059092926590656
gene_47,15.464754482047157,15.95,13.176923076923076,0.0,15.025,38.17884615384615,0.0,0.10256381861066205
gene_48,0.664714900158318,0.75,0.6538461538461539,0.45,0.425,0.8147435897435897,0.75,2.157749965873162
gene_49,1.9651281085036638,2.05,2.2025641025641023,0.075,2.325,5.609615384615385,0.225,0.6076291611067647
gene_50,23.877113762890637,25.4,33.220512820512816,0.0,22.925,59.09679487179488,0.0,0.06882581624300195
gene_51,116.49593706788347,117.625,109.26602564102564,0.0,114.875,833.8044871794872,0.0,0.05447976780775301
gene_52,11.781152051931876,10.875,8.112179487179487,0.0,12.375,29.21474358974359,0.0,0.10996261501240204
gene_53,3.7089646474125466,2.9,1.3743589743589741,0.0,4.25,15.115384615384615,0.075,0.6015437849014849
gene_54,654.2724169013073,655.275,666.5634615384616,0.0,658.6,9280.092307692306,0.0,0.019876457860332354
gene_55,134.46783954703514,133.575,147.6352564102564,0.0,133.475,878.4608974358974,0.0,0.04181654935642057
gene_56,14.196118292536331,13.55,16.97179487179487,0.0,12.65,34.07948717948718,0.0,0.13391546300897228
gene_57,12.602757466937954,12.175,11.686538461538463,0.0,12.275,32.819871794871794,0.0,0.1363516613568747
gene_58,129.4739242540478,130.0,136.87179487179486,0.0,123.775,527.973717948718,0.0,0.026383296712464296
gene_59,311.8168446023202,315.65,354.0282051282051,0.0,311.525,3013.3839743589747,0.0,0.027840489541714523
gene_60,3.367095648388843,3.625,3.7275641025641026,0.025,2.975,6.896794871794873,0.175,0.4431093703949453
gene_61,116.57374471818567,118.5,132.82051282051282,0.0,118.15,382.23333333333335,0.0,0.01891792682206692
gene_62,214.24340349199144,212.075,226.225,0.0,220.35,1289.976923076923,0.0,0.022029579940959724
gene_63,402.5357060923909,401.45,373.27948717948715,0.0,391.85,4507.464102564103,0.0,0.02680371209927783
gene_64,0.38629246725206295,0.4,0.34871794871794876,0.65,0.325,0.2762820512820513,0.7,0.0001
gene_65,19.675377194415603,20.25,24.807692307692307,0.0,20.35,78.79743589743589,0.0,0.14113562025075851
gene_66,44.13162115199102,44.2,55.39487179487178,0.0,46.35,211.9769230769231,0.0,0.07709593093068941
gene_67,3.0284564355390176,2.95,2.920512820512821,0.025,3.675,16.430128205128202,0.15,0.9444307985882751
gene_68,12.09096719943103,11.95,13.382051282051284,0.0,12.45,31.176923076923075,0.0,0.1208169099001775
gene_69,22.8704026920234,24.1,17.93846153846154,0.0,23.725,61.33269230769232,0.0,0.06681350308538499
gene_70,912.4749947762701,916.8,848.8307692307691,0.0,900.675,14208.635256410254,0.0,0.01640496388984248
gene_71,0.33183606980998764,0.4,0.4000000000000001,0.65,0.275,0.3583333333333334,0.8,1.101928360084694
gene_72,1.6014338331584965,1.625,1.625,0.2,1.5,2.1538461538461537,0.25,0.29059829046913577
gene_73,2.506486023054933,2.7,2.5743589743589745,0.1,2.45,5.074358974358975,0.2,0.437210991074013
gene_74,4.927276531602002,4.675,4.737820512820512,0.0,4.775,15.819871794871792,0.05,0.48441092270003033
gene_75,0.4847377792966098,0.4,0.34871794871794876,0.65,0.45,0.9717948717948718,0.775,2.5767647862622565
gene_76,4.392691804687126,4.45,3.6897435897435904,0.0,4.1,7.015384615384616,0.05,0.17343156544980282
gene_77,1.5640611373990947,1.825,2.148076923076923,0.225,1.2,2.0615384615384613,0.425,0.5982905978751186
gene_78,252.49465135792983,252.25,261.3205128205128,0.0,259.2,2157.651282051282,0.0,0.02825722191934427
gene_79,53.69399279736877,52.925,46.07115384615385,0.0,52.725,201.58910256410257,0.0,0.05354967097871513
gene_80,0.629567897723504,0.8,0.7282051282051284,0.425,0.475,0.8711538461538461,0.7,1.7558065125674884
gene_81,1.864496319934949,2.0,2.6666666666666665,0.15,2.325,4.327564102564103,0.15,0.37045930899639595
gene_82,76.58011598262685,78.85,81.97692307692307,0.0,74.125,359.8557692307692,0.0,0.05200290411963606
gene_83,0.9341902127642552,0.775,0.9480769230769229,0.45,1.075,2.583974358974359,0.525,1.3057647226986215
gene_84,704.3652438681146,708.125,667.0865384615385,0.0,717.05,16814.100000000002,0.0,0.03130742960660237
gene_85,0.9502413412174826,0.925,0.9942307692307694,0.4,0.825,1.5326923076923076,0.55,1.0397683109679183
gene_86,195.86529293169843,197.45,200.20256410256408,0.0,196.0,1294.6666666666667,0.0,0.028599194779952056
gene_87,17.539908716396983,18.975,19.409615384615385,0.0,17.45,45.02307692307693,0.0,0.0905512333165947
gene_88,3.6853356293179353,3.475,2.7685897435897435,0.05,3.425,7.891666666666666,0.05,0.38076970888472667
gene_89,2.0879552321582153,1.825,1.6865384615384613,0.175,1.95,3.689743589743589,0.3,0.45752625622250176
gene_90,422.2100645996003,422.525,246.1019230769231,0.0,419.275,4132.819871794872,0.0,0.021124709274761157
gene_91,6.627927723131383,6.8,10.369230769230768,0.0,5.925,18.635256410256407,0.025,0.36205754519095873
gene_92,0.5850716851003509,0.6,0.6051282051282051,0.55,0.6,1.6820512820512823,0.675,3.005697997348845
gene_93,0.41526372039085485,0.15,0.13076923076923075,0.85,0.35,0.8487179487179487,0.8,4.071166895075771
gene_94,13.051085289521733,12.775,13.614743589743588,0.0,12.75,40.65384615384615,0.0,0.17164995711602926
gene_95,361.72944544844955,355.475,286.7173076923077,0.0,362.5,3093.076923076923,0.0,0.020779657916399734
gene_96,5.334985195092568,5.0,5.897435897435898,0.0,5.4,9.887179487179488,0.025,0.15388132671555574
gene_97,241.16924886913512,241.75,175.8846153846154,0.0,234.625,971.2147435897435,0.0,0.013380646462205253
gene_98,653.4265252528958,655.675,646.9942307692309,0.0,642.4,9929.374358974359,0.0,0.02250417943282027
gene_99,0.542803306628974,0.45,0.3564102564102565,0.6,0.625,0.8557692307692307,0.6,0.5907692292568614
gene_100,3.486906620959459,3.025,2.9480769230769233,0.025,4.125,13.804487179487179,0.1,0.5688587506435009
gene_101,46.458326017664696,46.1,45.630769230769225,0.0,49.0,214.15384615384616,0.0,0.06878544196325588
gene_102,3.5987444131661293,3.375,2.0865384615384617,0.025,3.625,9.368589743589743,0.125,0.43708649650626635
gene_103,1.2940843316364854,1.15,1.412820512820513,0.4,1.225,3.9224358974358973,0.425,1.7975416214166462
gene_104,17.150160283335875,18.35,16.284615384615385,0.0,17.275,35.17884615384616,0.0,0.059994332436385675
gene_105,145.20995837530666,149.225,175.97371794871796,0.0,145.15,676.4384615384616,0.0,0.025217167532200532
gene_106,80.42952794358939,80.0,81.02564102564102,0.0,84.875,197.75320512820514,0.0,0.015669333374264165
gene_107,2.3363705761118068,2.375,1.7788461538461537,0.075,1.525,3.999358974358975,0.375,1.0639544093716833
gene_108,47.55137508724842,49.3,50.266666666666666,0.0,47.575,176.5070512820513,0.0,0.056964369959645794
gene_109,4.025269084310631,3.425,3.4301282051282054,0.05,5.175,17.37884615384615,0.125,0.45569683879261424
gene_110,2.952959293268471,2.525,2.3583333333333334,0.075,2.425,4.404487179487179,0.175,0.33661170014251346
gene_111,568.23533696322,564.65,711.925641025641,0.0,561.25,5331.525641025641,0.0,0.015143657076385536
gene_112,3.0101174535339954,3.075,2.0711538461538463,0.025,2.55,4.561538461538461,0.075,0.3093484753908671
gene_113,662.0984243992477,663.425,642.8660256410257,0.0,664.225,15067.05064102564,0.0,0.03264504474751338
gene_114,1.6108708754573393,1.775,2.076282051282051,0.225,2.125,4.727564102564102,0.275,0.5763463755267002
gene_115,30.142165586907538,30.9,36.55384615384616,0.0,31.875,86.06089743589743,0.0,0.05333175603066547
gene_116,6.777366263566379,6.575,4.301923076923077,0.0,6.6,23.117948717948718,0.0,0.37919992464576496
gene_117,212.99702882547496,214.425,243.9429487179487,0.0,208.7,1468.1641025641027,0.0,0.028916178404338765
gene_118,0.8839706341429482,0.875,0.8301282051282052,0.4,0.825,1.8916666666666662,0.6,1.5671870194299053
gene_119,675.5981157956153,677.55,626.4076923076924,0.0,700.275,11057.025,0.0,0.021119627237432163
gene_120,112.43350523021552,112.275,66.05064102564103,0.0,117.725,821.7942307692308,0.0,0.050801667416576955
gene_121,1.3013900812358028,1.4,0.912820512820513,0.15,1.225,3.307051282051282,0.5,1.3874560804090463
gene_122,84.07305474438094,85.15,81.66923076923077,0.0,81.675,309.40448717948715,0.0,0.03413822857107353
gene_123,0.6682140194391901,0.55,0.40769230769230774,0.525,0.725,1.6916666666666664,0.675,1.8390804562712695
gene_124,28.015959249980863,27.725,26.614743589743586,0.0,27.325,66.43012820512821,0.0,0.05237371406004721
gene_125,0.7223197198194143,0.6,0.6051282051282052,0.525,0.825,1.63525641025641,0.6,1.190459370528486
gene_126,0.44970357966970786,0.475,0.512179487179487,0.65,0.575,0.7634615384615384,0.625,0.5700159936227523
gene_127,7.48887830580907,7.55,4.6641025641025635,0.0,7.2,20.42051282051282,0.0,0.25502532446484943
gene_128,82.92571303691676,82.675,82.89166666666665,0.0,87.7,483.7538461538462,0.0,0.05149381263140444
gene_129,110.7697076890005,113.85,81.25897435897436,0.0,117.675,732.9429487179488,0.0,0.044432001587871764
gene_130,69.4401411385401,68.675,80.84038461538462,0.0,65.425,330.5070512820513,0.0,0.06192882784591079
gene_131,37.19131786666724,36.725,53.53782051282051,0.0,38.4,85.47692307692307,0.0,0.031926081730747576
gene_132,377.1394214211999,372.125,477.75320512820514,0.0,392.35,2900.848717948718,0.0,0.016295457934830455
gene_133,24.08805783902185,23.05,22.97179487179487,0.0,22.375,87.00961538461539,0.0,0.1291038165040767
gene_134,0.6956301418025463,0.6,0.7076923076923076,0.6,0.7,0.9846153846153844,0.6,0.5808477225194628
gene_135,0.9874960843170884,0.825,0.6096153846153846,0.375,1.025,1.1532051282051283,0.425,0.12202748657522991
gene_136,737.8707800260536,738.65,536.2846153846153,0.0,698.075,16525.968589743592,0.0,0.03248021922662642
gene_137,196.5005022558286,197.55,181.07435897435897,0.0,201.65,1043.2589743589742,0.0,0.020697310032769044
gene_138,0.3339167480893029,0.325,0.27628205128205136,0.7,0.4,0.5025641025641026,0.7,0.6410256370192304
gene_139,646.1604960261819,638.825,666.9685897435896,0.0,627.75,5034.910256410257,0.0,0.011183697204631589
gene_140,62.227026585661925,59.6,65.73333333333333,0.0,63.625,240.65064102564102,0.0,0.04373011153129032
gene_141,486.8509163300866,487.225,572.4352564102563,0.0,484.575,3448.507051282052,0.0,0.012622524847302754
gene_142,1.081549272333776,0.825,0.6608974358974359,0.4,1.25,2.141025641025641,0.375,0.5702564098914461
gene_143,36.325626799625454,37.2,32.16410256410256,0.0,35.0,138.0,0.0,0.0840816326529926
gene_144,18.33072316539222,18.075,20.481410256410257,0.0,16.7,35.44615384615385,0.0,0.06721701691020343
gene_145,1.283309581810283,1.4,1.630769230769231,0.325,1.65,2.7974358974358973,0.35,0.42146405767288647
gene_146,0.5247785124876682,0.475,0.40961538461538455,0.6,0.4,0.6051282051282052,0.7,1.2820512740384618
gene_147,66.97599393048456,64.975,62.537820512820524,0.0,67.775,353.5121794871795,0.0,0.062205344699251486
gene_148,0.40894828959937984,0.325,0.27628205128205136,0.7,0.45,0.5102564102564102,0.65,0.29756251831529723
gene_149,2.155482992255673,1.75,1.7820512820512822,0.2,2.15,4.848717948717949,0.3,0.5838221629278805
gene_150,20.137418114348268,21.15,20.489743589743586,0.0,18.75,68.55128205128206,0.0,0.14165698005657715
gene_151,40.57442449845944,40.775,27.25576923076923,0.0,40.2,151.60000000000002,0.0,0.06893393727873758
gene_152,3.092846462004047,3.6,2.1435897435897435,0.0,3.125,12.060897435897436,0.225,0.9150358973421978
gene_153,282.4587358766841,288.125,247.29166666666666,0.0,286.7,3138.2666666666664,0.0,0.03469190460450063
gene_154,428.02536919062595,425.925,297.71217948717947,0.0,420.525,4669.999358974358,0.0,0.024029878454312554
gene_155,107.4408154966077,106.05,101.6897435897436,0.0,103.175,394.45576923076925,0.0,0.02736294627460766
gene_156,553.2162822371154,548.7,473.90769230769234,0.0,541.775,4485.204487179487,0.0,0.013434953200939112
gene_157,0.5087334824856408,0.35,0.33589743589743587,0.7,0.4,0.553846153846154,0.75,0.9615384555288468
gene_158,0.4737138927223734,0.35,0.3358974358974359,0.7,0.3,0.42051282051282046,0.775,1.3390313241532128
gene_159,0.8581840283822975,0.5,0.6153846153846154,0.65,0.825,1.3788461538461536,0.475,0.8137317216270663
gene_160,0.8458270019912929,1.1,1.4769230769230772,0.425,0.575,0.5583333333333333,0.575,0.0001
gene_161,22.857331090511387,23.075,12.63525641025641,0.0,23.1,71.52820512820513,0.0,0.09075580504134925
gene_162,496.5730510586956,498.45,653.0230769230769,0.0,514.65,9860.387179487181,0.0,0.03528495837335598
gene_163,1.376053901308283,1.15,1.258974358974359,0.325,1.025,1.5634615384615382,0.425,0.5125154436159647
gene_164,933.7819749641137,935.775,826.4865384615385,0.0,907.325,14541.096794871792,0.0,0.01656114141593735
gene_165,379.8980940811344,374.875,331.4455128205128,0.0,354.925,4086.276282051282,0.0,0.02962053885443142
gene_166,4.26918249010251,4.65,4.028205128205128,0.0,3.1,6.041025641025642,0.1,0.3060380479416861
gene_167,1.4777636167475756,1.45,1.4846153846153847,0.25,1.575,3.7378205128205124,0.4,0.8718853159782824
gene_168,17.33933830634809,17.875,13.291666666666666,0.0,15.325,65.91730769230769,0.0,0.21541876074755406
gene_169,3.984910967138991,4.325,5.301923076923078,0.0,3.375,5.3173076923076925,0.05,0.17051809642905236
gene_170,0.4037070230507868,0.45,0.3564102564102565,0.6,0.3,0.31794871794871793,0.75,0.19943019721430827
gene_171,0.6670867836597355,0.6,0.5025641025641026,0.525,0.775,1.1532051282051283,0.575,0.6296859564211319
gene_172,36.43940030684063,36.825,42.76346153846154,0.0,38.075,139.40448717948718,0.0,0.06989659516525451
gene_173,52.37624232043522,51.6,48.91282051282051,0.0,52.45,212.56153846153845,0.0,0.05820116065379083
gene_174,762.4400394865065,761.525,793.4352564102563,0.0,745.875,11971.035256410256,0.0,0.020177179065898557
gene_175,0.3565158932937082,0.275,0.2557692307692308,0.75,0.25,0.3974358974358974,0.825,2.3589743212307694
gene_176,116.42867235551172,116.425,97.27628205128207,0.0,115.925,430.01987179487185,0.0,0.023372579012999235
gene_177,51.88239238104263,50.65,52.284615384615385,0.0,48.6,119.57948717948719,0.0,0.030051096199536463
gene_178,18.02591105359425,17.325,21.40448717948718,0.0,19.625,84.59935897435898,0.0,0.16870294836902827
gene_179,0.8380654520037475,0.875,1.0865384615384615,0.425,0.9,2.8102564102564105,0.65,2.3583412443186043
gene_180,318.2668102229955,314.9,369.4769230769231,0.0,314.3,3061.035897435898,0.0,0.027805335609222354
gene_181,90.87366882947866,92.725,69.69166666666668,0.0,90.7,407.8051282051282,0.0,0.03854683202740047
gene_182,30.913565620419124,31.075,38.4301282051282,0.0,29.25,75.67948717948718,0.0,0.05426779128284949
gene_183,858.7114227359931,857.375,752.0352564102565,0.0,875.1,20146.092307692306,0.0,0.025164523447436728
gene_184,0.6549896751375879,0.475,0.5634615384615383,0.65,0.6,0.9128205128205129,0.625,0.8689458665321307
gene_185,110.86110385119743,112.2,74.72820512820513,0.0,117.35,715.5153846153846,0.0,0.04343652656259484
gene_186,16.22624227811331,17.325,12.99423076923077,0.0,16.1,62.96410256410256,0.0,0.18079588967988025
gene_187,3.0321242717538133,3.05,3.3820512820512816,0.075,3.2,9.292307692307691,0.175,0.594951923018822
gene_188,396.87700240617,400.675,411.4044871794872,0.0,400.95,2840.1,0.0,0.015172532388588606
gene_189,212.34821672564354,212.5,247.23076923076923,0.0,207.125,2220.1121794871797,0.0,0.04692194067310734
gene_190,10.916215020038353,10.875,15.03525641025641,0.0,12.85,45.87435897435897,0.0,0.19999914593201393
gene_191,55.688872404594825,55.375,48.44551282051282,0.0,53.6,215.73333333333335,0.0,0.05643424667704281
gene_192,51.125399244729934,49.7,32.830769230769235,0.0,52.95,233.33076923076928,0.0,0.06433662959272779
gene_193,0.33847651000606466,0.425,0.45576923076923076,0.675,0.375,0.5993589743589743,0.75,1.5954415840962328
gene_194,1.8871404176998499,1.55,1.5871794871794873,0.225,1.875,4.727564102564102,0.35,0.8113960111652142
gene_195,1.816037207444946,1.55,1.7923076923076924,0.25,1.725,2.2557692307692307,0.225,0.1783723522254512
gene_196,1.8661287217917355,2.025,2.4865384615384616,0.175,1.625,4.086538461538462,0.325,0.9321802454366983
gene_197,124.15958378825138,124.225,117.7173076923077,0.0,125.925,739.8660256410257,0.0,0.03871709252368601
gene_198,624.3656946533238,622.075,562.7378205128206,0.0,623.1,10172.092307692306,0.0,0.024594728965153165
gene_199,2.7072636228818237,2.5,2.358974358974359,0.125,2.8,5.907692307692308,0.125,0.3963893249101938
gene_200,130.45375352018888,131.075,91.5070512820513,0.0,134.85,583.6179487179487,0.0,0.024678566551193413
gene_201,0.32155018854748857,0.5,0.6153846153846154,0.65,0.375,0.3942307692307692,0.7,0.13675213577967704
gene_202,215.15285929210626,219.4,179.4769230769231,0.0,208.45,1621.279487179487,0.0,0.03251516420395072
gene_203,210.78083600886697,214.25,172.03846153846155,0.0,204.8,963.753846153846,0.0,0.018094869760366148
gene_204,0.49075454820982206,0.625,0.7019230769230769,0.55,0.375,0.7019230769230769,0.8,2.324786308254511
gene_205,0.7019028239917239,0.85,1.0025641025641023,0.5,0.825,1.5326923076923076,0.525,1.0397683109679183
gene_206,27.308194778775626,28.05,23.587179487179487,0.0,25.15,58.48974358974359,0.0,0.05270918202860908
gene_207,147.9745179380496,146.8,146.26666666666665,0.0,151.425,756.199358974359,0.0,0.02637534840398996
gene_208,114.35609790407081,114.975,105.30705128205129,0.0,113.125,695.0865384615385,0.0,0.045475459798584354
gene_209,77.38355094726245,76.175,115.3275641025641,0.0,72.875,213.85576923076923,0.0,0.02654622312215909
gene_210,147.59429840634644,145.35,167.05384615384614,0.0,150.85,894.9512820512822,0.0,0.03269952347376575
gene_211,39.62267944026695,38.0,35.17948717948718,0.0,36.9,194.4,0.0,0.11567188842611639
gene_212,2.1094576229877933,2.1,2.0923076923076924,0.125,2.2,2.317948717948718,0.125,0.024369569819080245
gene_213,0.396473825595957,0.35,0.3871794871794872,0.725,0.45,0.8179487179487179,0.675,1.8170306969466035
gene_214,490.7557921642081,485.8,595.7538461538462,0.0,483.425,7630.096794871795,0.0,0.030580573523807265
gene_215,8.897788915037099,9.5,11.897435897435898,0.0,9.525,24.101923076923075,0.0,0.1606704068091281
gene_216,107.67733087708359,107.575,98.55833333333332,0.0,108.725,438.66602564102567,0.0,0.02791113436297635
gene_217,2.6966715769059073,2.475,3.1788461538461537,0.125,2.575,9.17371794871795,0.225,0.9951879268881533
gene_218,853.6768830125234,856.15,915.5153846153846,0.0,803.775,11056.896794871795,0.0,0.015870372782088804
gene_219,1.328357611222368,1.3,1.6,0.275,0.9,1.5282051282051285,0.5,0.7755618857155143
gene_220,0.46154544053267277,0.5,0.46153846153846156,0.575,0.375,0.8044871794871795,0.75,3.0541310324127893
gene_221,16.95919873796959,15.9,19.117948717948714,0.0,16.225,32.94807692307692,0.0,0.06352530757719337
gene_222,6.264002332348446,5.825,4.866025641025641,0.0,6.35,15.925641025641024,0.025,0.2374763723827528
gene_223,62.30313450987614,61.85,50.18205128205128,0.0,59.95,229.07435897435897,0.0,0.047057384900069464
gene_224,0.3163453463317609,0.425,0.40448717948717944,0.65,0.35,0.6435897435897436,0.8,2.3966509485150427
gene_225,1.0012707704974861,1.175,1.225,0.275,0.875,1.2916666666666667,0.5,0.5442176863640151
gene_226,320.93388968541126,323.5,324.2564102564103,0.0,317.675,2544.225,0.0,0.02206309195337063
gene_227,77.59520668257885,78.275,61.89679487179488,0.0,78.8,320.93333333333334,0.0,0.03899439133533689
gene_228,4.593212856815488,4.025,3.666025641025641,0.0,3.9,13.015384615384614,0.175,0.5993020785526174
gene_229,0.3862395091408624,0.3,0.2666666666666666,0.725,0.425,0.660897435897436,0.725,1.3060065582916511
gene_230,0.44433467730334836,0.3,0.31794871794871793,0.75,0.325,0.37884615384615383,0.75,0.5097860670898722
gene_231,7.303630528653635,7.925,6.686538461538461,0.0,7.2,20.31794871794872,0.05,0.25304685026419127
gene_232,631.7417742190964,637.05,626.9205128205128,0.0,607.325,7123.45576923077,0.0,0.017666376172823864
gene_233,518.9699884996854,518.4,581.1179487179487,0.0,540.15,5357.823076923077,0.0,0.0165123378143674
gene_234,3.9952539191784053,4.875,4.881410256410256,0.0,4.175,15.122435897435897,0.1,0.6280575651652102
gene_235,6.349994618663203,6.075,6.942948717948718,0.0,6.375,23.419871794871796,0.1,0.4194047654152069
gene_236,2.7140890979465153,3.0,3.0256410256410255,0.0,3.125,8.573717948717949,0.175,0.5579487178915841
gene_237,0.9921077459113228,0.95,1.228205128205128,0.45,0.85,1.258974358974359,0.525,0.5660544753056118
gene_238,37.18046585036071,36.35,43.258974358974356,0.0,39.0,133.07692307692307,0.0,0.061852020431861415
gene_239,13.206223731980284,13.925,11.968589743589742,0.0,14.325,34.68653846153846,0.0,0.099225050294987
gene_240,265.2504610734402,264.75,260.3974358974359,0.0,281.1,1701.630769230769,0.0,0.017977485781018473
gene_241,17.14031587109288,16.825,13.122435897435897,0.0,17.475,66.05064102564101,0.0,0.159068494826599
gene_242,0.3647546453210198,0.525,0.7685897435897436,0.675,0.3,0.4717948717948718,0.8,1.9088318876226658
gene_243,10.780315718845753,10.925,8.225,0.0,10.325,37.55833333333334,0.0,0.2554586902246282
gene_244,0.9313961643968393,1.1,1.1692307692307693,0.325,0.7,0.9333333333333333,0.55,0.47619047521865904
gene_245,4.606842811381441,4.525,5.332692307692308,0.0,4.1,14.605128205128203,0.075,0.6249332661810393
gene_246,17.970470612949036,18.85,22.284615384615382,0.0,16.125,65.85576923076923,0.0,0.19126069531620635
gene_247,25.222636964547174,24.6,29.16923076923077,0.0,24.225,52.435256410256414,0.0,0.04807059106430762
gene_248,85.50099197189006,86.775,78.43525641025641,0.0,81.175,373.07115384615383,0.0,0.04429796523495097
gene_249,749.3506868926556,746.425,713.4301282051282,0.0,765.05,13301.741025641026,0.0,0.021419201850829017
gene_250,6.488670104974687,6.825,6.04551282051282,0.0,6.25,17.166666666666668,0.0,0.27946666665951236
gene_251,139.22502361351866,137.95,102.35641025641024,0.0,143.825,699.9942307692309,0.0,0.02688674282412427
gene_252,22.370674905144202,22.825,22.250641025641027,0.0,20.225,58.281410256410254,0.0,0.09303594208251659
gene_253,335.9000867889109,337.4,339.8871794871795,0.0,343.725,3682.922435897436,0.0,0.02826310402397835
gene_254,29.03832013971129,29.575,37.53269230769231,0.0,27.9,113.22051282051282,0.0,0.10960870597808765
gene_255,6.87829948739053,6.575,9.327564102564102,0.0,6.975,29.460897435897433,0.0,0.4621913374275304
gene_256,17.777333151862624,18.075,13.917307692307691,0.0,19.8,76.21538461538462,0.0,0.14390211359871627
gene_257,22.598652292926474,23.05,20.048717948717947,0.0,23.2,56.52307692307693,0.0,0.061911186316540974
gene_258,890.5880433556982,886.075,977.9685897435896,0.0,894.125,21927.85576923077,0.0,0.026309938599939024
gene_259,0.5181849694984263,0.5,0.6666666666666666,0.675,0.55,0.8692307692307694,0.675,1.0553083245469783
gene_260,0.45390412947703884,0.4,0.45128205128205134,0.675,0.55,1.0743589743589745,0.675,1.733418091324153
gene_261,1.5140379802683852,1.375,1.0096153846153846,0.175,1.25,1.4230769230769231,0.3,0.1107692306983385
gene_262,0.32634789254425706,0.35,0.2846153846153846,0.675,0.4,0.7076923076923077,0.75,1.9230769110576922
gene_263,0.7418893101085087,0.6,0.4,0.475,0.45,0.8179487179487179,0.75,1.8170306969466035
gene_264,7.59507505758652,7.3,7.13846153846154,0.0,5.2,8.676923076923076,0.05,0.12858443331340574
gene_265,1.6478134638283495,1.575,1.7378205128205126,0.2,1.875,4.368589743589744,0.375,0.7092877490859963
gene_266,15.377254115525345,15.15,12.797435897435898,0.0,16.7,51.292307692307695,0.0,0.12403566887369094
gene_267,287.6739301370006,289.4,196.24615384615385,0.0,302.3,2525.087179487179,0.0,0.02432324917376915
gene_268,54.27986538220049,53.3,43.241025641025644,0.0,58.525,273.02500000000003,0.0,0.06262452600512636
gene_269,153.46618660940587,153.275,132.92243589743592,0.0,142.875,582.3173076923077,0.0,0.021527290917828647
gene_270,255.22164161705996,252.4,283.2205128205128,0.0,253.35,1602.8999999999999,0.0,0.021025540177255005
gene_271,0.8796060848797197,1.05,1.074358974358974,0.375,1.25,2.6025641025641026,0.425,0.8656410250870153
gene_272,0.4517884622342996,0.45,0.3051282051282052,0.575,0.55,0.7666666666666668,0.65,0.7162534411583911
gene_273,11.713587678127835,11.775,13.153205128205128,0.0,10.975,37.973717948717955,0.0,0.22414759531960757
gene_274,13.581397003544353,14.25,14.14102564102564,0.0,14.325,59.30192307692308,0.0,0.21917977675662603
gene_275,725.9993022371198,724.95,850.9205128205128,0.0,734.475,17283.127564102564,0.0,0.030676697394700678
gene_276,2.525342114418499,2.95,2.458974358974359,0.05,2.175,5.942948717948717,0.25,0.796501248175921
gene_277,11.334115511584576,10.325,12.891666666666666,0.0,10.75,24.243589743589745,0.0,0.11676443260982568
gene_278,28.610755599607103,28.975,27.050641025641024,0.0,27.525,91.48653846153847,0.0,0.08442367358080591
gene_279,298.5113765567345,293.425,302.86602564102566,0.0,287.15,2856.541025641026,0.0,0.031161084329733368
gene_280,0.8682629393638017,1.075,1.301923076923077,0.4,0.75,2.141025641025641,0.675,2.472934468538145
gene_281,562.023951209448,560.35,703.6179487179488,0.0,551.55,6057.741025641027,0.0,0.018100121760321098
gene_282,33.80505356980561,35.425,38.66089743589743,0.0,31.25,82.14102564102564,0.0,0.052112410256356885
gene_283,13.148219256738525,13.9,12.75897435897436,0.0,13.525,39.435256410256414,0.0,0.14164366752943866
gene_284,11.268810513092037,10.975,14.486538461538462,0.0,11.025,27.35833333333333,0.0,0.13437473754823517
gene_285,0.4727359861822795,0.35,0.4384615384615385,0.725,0.175,0.14807692307692308,0.825,0.0001
gene_286,2.901291277216577,3.075,2.7891025641025644,0.025,3.275,7.84551282051282,0.2,0.4261302087371775
gene_287,46.746828430288,48.2,33.90769230769231,0.0,44.925,106.94294871794871,0.0,0.030728490459635403
gene_288,520.6461014285628,523.05,952.9717948717949,0.0,504.225,5813.050641025641,0.0,0.020880923998354495
gene_289,527.7018728838775,526.025,431.3583333333333,0.0,513.3,2279.6,0.0,0.006703813757631623
gene_290,2.4901325854967697,2.425,2.507051282051282,0.125,2.5,6.923076923076923,0.275,0.707692307579077
gene_291,23.796448894975992,22.75,24.294871794871796,0.0,22.975,89.10192307692306,0.0,0.12527582604794257
gene_292,3.7216413582027514,3.725,4.307051282051282,0.025,3.525,10.25576923076923,0.1,0.5416845615594825
gene_293,6.130288882966815,6.275,8.101923076923075,0.0,5.775,8.999358974358975,0.0,0.09668061615823674
gene_294,5.355993490577103,6.025,6.281410256410256,0.0,5.875,12.009615384615385,0.0,0.17773444300770017
gene_295,10.347300493011339,10.15,8.951282051282051,0.0,9.825,34.55833333333333,0.025,0.2562226581779317
gene_296,0.32465142576528805,0.325,0.2762820512820513,0.7,0.325,0.5326923076923077,0.75,1.9663176873466506
gene_297,12.360633326942759,12.625,12.958333333333334,0.0,12.425,48.25064102564102,0.025,0.232060474074444
gene_298,3.970603097388633,3.725,2.4608974358974356,0.0,3.45,10.407692307692306,0.175,0.5845572196687879
gene_299,2.6471197974190037,2.85,3.9769230769230766,0.125,2.7,7.446153846153847,0.225,0.6510499102198624
gene_300,31.87466442081462,32.325,23.917307692307695,0.0,34.125,84.77884615384616,0.0,0.04349778145209744
gene_301,16.541134795438232,15.8,15.702564102564105,0.0,16.775,34.64038461538461,0.0,0.06348736650930015
gene_302,104.45061731109321,104.175,105.01987179487179,0.0,106.775,596.6916666666666,0.0,0.042971751336234765
gene_303,13.28166242495018,12.75,8.448717948717949,0.0,12.725,36.05064102564102,0.0,0.14405157321762366
gene_304,301.2292333853238,296.0,246.15384615384616,0.0,291.625,2733.1634615384614,0.0,0.02870873566197284
gene_305,181.6202837114185,181.15,191.7205128205128,0.0,177.55,1430.7666666666669,0.0,0.039754363890392
gene_306,24.755140579814036,24.325,20.737820512820512,0.0,25.125,178.2147435897436,0.0,0.24251240290408824
gene_307,648.6323023101041,649.475,563.7942307692307,0.0,673.475,10428.30705128205,0.0,0.021506851610785083
gene_308,57.856348173652066,56.975,60.74294871794873,0.0,56.8,159.08717948717953,0.0,0.03170476452066425
gene_309,9.438747724812703,9.325,8.789102564102564,0.0,9.775,32.07628205128205,0.025,0.2333975528788917
gene_310,1.959579760602527,1.825,1.3275641025641023,0.1,2.375,6.035256410256411,0.225,0.6489097235869253
gene_311,1.171117141242288,0.975,0.7429487179487179,0.35,0.925,3.45576923076923,0.6,2.9578018732639038
gene_312,5.516106742453411,6.325,7.763461538461538,0.0,5.225,11.358333333333334,0.025,0.22465908136200824
gene_313,2.2896597351576338,2.575,1.5326923076923078,0.025,2.35,5.720512820512821,0.25,0.6103237337985506
gene_314,13.72517982196871,13.4,13.374358974358975,0.0,13.0,45.743589743589745,0.0,0.193749051736071
gene_315,165.06820982250696,162.7,168.98461538461538,0.0,160.55,980.817948717949,0.0,0.031822560614266415
gene_316,0.43187849266579115,0.225,0.23012820512820517,0.8,0.425,0.7634615384615384,0.75,1.8738354966793245
gene_317,172.63979687310362,168.7,175.75384615384615,0.0,172.9,1060.502564102564,0.0,0.029691255458881252
gene_318,1.2259423727522134,0.925,0.6352564102564103,0.325,1.225,1.7173076923076924,0.35,0.32806843280608
gene_319,36.38824562255185,36.475,50.66602564102565,0.0,33.525,95.64038461538462,0.0,0.05526645467784344
gene_320,0.3276665527185591,0.2,0.16410256410256413,0.8,0.3,0.5230769230769231,0.775,2.4786324510921185
gene_321,260.6285133955091,257.0,252.0,0.0,254.075,2186.7378205128202,0.0,0.02993865071479395
gene_322,102.65690253502092,103.25,83.88461538461539,0.0,101.725,661.076282051282,0.0,0.05405417468319828
gene_323,1.3320295634607526,1.525,1.3839743589743587,0.175,1.1,2.5538461538461545,0.45,1.2015257459872961
gene_324,520.1480607736139,520.425,601.3275641025641,0.0,504.125,7987.907051282052,0.0,0.02944724441913902
gene_325,5.418518794665342,4.875,5.958333333333333,0.0,4.775,10.948076923076924,0.075,0.2707415661985661
gene_326,43.98778035405193,41.55,45.792307692307695,0.0,46.575,247.99423076923077,0.0,0.09285284305311607
gene_327,1.806526045220564,1.825,2.6096153846153842,0.175,2.225,4.999358974358974,0.2,0.5604058020550068
gene_328,17.578150910410436,16.75,14.294871794871796,0.0,17.625,40.70192307692308,0.0,0.07428816844818283
gene_329,77.90772629407645,78.4,93.78461538461539,0.0,83.1,372.81025641025644,0.0,0.04195288416377619
gene_330,1.5560936246396295,1.45,1.3820512820512822,0.2,1.3,2.01025641025641,0.325,0.4202700649917988
gene_331,4.376258359960271,4.65,3.4641025641025647,0.025,3.925,10.122435897435897,0.125,0.4022839642684808
gene_332,10.413625536040644,11.7,12.676923076923078,0.0,9.975,29.71730769230769,0.0,0.198413906366008
gene_333,27.723968987529517,28.3,28.83076923076923,0.0,27.45,111.12564102564102,0.0,0.11104892289744224
gene_334,3.305833281047884,2.65,2.5923076923076924,0.05,2.3,4.882051282051282,0.275,0.48810043129738784
gene_335,14.290830474641751,15.775,15.71730769230769,0.0,15.35,29.105128205128203,0.0,0.05837782132466053
gene_336,0.7320112640744907,0.625,0.44551282051282054,0.475,0.775,1.4096153846153847,0.6,1.0565916895880008
gene_337,10.78144203563921,11.075,10.840384615384615,0.0,10.725,27.435256410256407,0.0,0.1452742065962357
gene_338,0.3750843121241243,0.4,0.29743589743589743,0.625,0.325,0.48141025641025637,0.775,1.4808071472610573
gene_339,1.338472974767409,1.05,0.7666666666666666,0.275,1.425,3.3275641025641027,0.375,0.936935230102637
gene_340,496.3016150749249,495.15,411.15641025641025,0.0,495.1,8516.451282051281,0.0,0.032723645807080454
gene_341,1.6747867819549982,1.825,1.5839743589743591,0.15,1.925,5.404487179487179,0.275,0.9389744452145602
gene_342,5.9486674854363315,5.75,5.833333333333333,0.0,5.925,16.583974358974356,0.05,0.3036258251682097
gene_343,1.3611391879126191,1.3,1.2923076923076924,0.25,1.5,3.4358974358974357,0.375,0.8603988600164608
gene_344,35.31628039347211,34.95,22.971794871794867,0.0,35.5,118.71794871794872,0.0,0.06603288928219217
gene_345,36.19931970052704,35.475,37.845512820512816,0.0,41.1,136.24615384615385,0.0,0.0563258291426747
gene_346,422.1515263621564,423.125,309.8044871794872,0.0,421.875,6339.958333333333,0.0,0.0332516726108823
gene_347,116.18320571036205,115.75,88.91025641025641,0.0,116.3,576.7794871794872,0.0,0.03404480563871072
gene_348,634.9088355346377,637.925,579.8147435897436,0.0,621.875,11366.676282051281,0.0,0.027783835036540704
gene_349,1.5196504657345937,1.75,1.064102564102564,0.1,1.05,2.5615384615384618,0.55,1.3710099411949674
gene_350,2.2068783587519825,2.65,3.258974358974359,0.1,2.4,3.98974358974359,0.15,0.2759971509492348
gene_351,339.49809807524076,344.125,362.7275641025641,0.0,329.35,2154.3871794871798,0.0,0.01682505066702857
gene_352,351.01284858054765,342.425,392.6096153846154,0.0,355.0,3914.6153846153848,0.0,0.02824531152243885
gene_353,0.9297441649586549,1.075,0.8403846153846155,0.25,0.925,1.4044871794871796,0.475,0.5603940732526346
gene_354,5.889841998998664,6.55,5.125641025641026,0.0,6.25,14.551282051282051,0.0,0.2125128205073802
gene_355,0.3528679157671193,0.575,0.8147435897435897,0.65,0.5,0.8205128205128205,0.675,1.2820512769230767
gene_356,2.0779643462793143,2.45,3.1769230769230767,0.05,1.875,3.548076923076923,0.325,0.47589743576206944
gene_357,5.1332165066715145,4.525,2.9737179487179493,0.0,3.975,8.74294871794872,0.1,0.3017569695912005
gene_358,3.8002082334948866,4.125,4.983974358974359,0.0,4.15,9.002564102564103,0.1,0.28175724211248915
gene_359,0.8400524635082368,1.1,0.7076923076923077,0.25,0.775,1.1532051282051283,0.525,0.6296859564211319
gene_360,686.1337169314907,685.375,270.34294871794873,0.0,679.625,11765.830128205129,0.0,0.024001822409986856
gene_361,5.6540093637205455,5.825,5.891666666666667,0.0,6.1,12.246153846153847,0.025,0.16517478758367843
gene_362,14.251078499692861,15.4,18.861538461538462,0.0,16.575,72.66089743589743,0.0,0.20414869087016885
gene_363,85.43954212517139,86.65,78.9,0.0,85.55,306.8179487179487,0.0,0.030232807719284466
gene_364,225.68055803275632,225.1,276.40000000000003,0.0,238.0,1491.6923076923076,0.0,0.022132835034465885
gene_365,410.3957953189074,412.7,369.0358974358974,0.0,419.025,4846.53782051282,0.0,0.025216218436762205
gene_366,36.02313873353561,35.525,29.383974358974356,0.0,35.925,120.58397435897434,0.0,0.06559631596128272
gene_367,392.934226507238,393.6,607.7333333333333,0.0,387.35,4139.566666666667,0.0,0.025008105198508893
gene_368,27.479560836445415,27.275,18.973717948717947,0.0,26.55,61.94615384615385,0.0,0.050214254944625156
gene_369,192.50812975117057,191.625,186.54807692307693,0.0,190.975,1488.8455128205128,0.0,0.03558593065477986
gene_370,2.22921670248182,2.05,1.7923076923076924,0.125,2.075,5.301923076923077,0.25,0.7494668198400022
gene_371,132.7862790683308,128.275,170.4096153846154,0.0,130.5,545.5897435897435,0.0,0.024373672940192843
gene_372,2.5509861730520367,2.325,1.5583333333333333,0.05,2.05,3.2794871794871794,0.15,0.29256089927296103
gene_373,33.046676257213385,33.175,25.737820512820516,0.0,30.725,55.281410256410254,0.0,0.026012440347034264
gene_374,595.5197123163704,592.55,730.8179487179488,0.0,588.675,6896.071153846155,0.0,0.018201153989392645
gene_375,44.66048602118403,44.95,50.253846153846155,0.0,45.5,158.2051282051282,0.0,0.05444034691707464
gene_376,0.5585313796738974,0.825,0.866025641025641,0.45,0.425,0.8147435897435897,0.75,2.157749965873162
gene_377,422.26250472749393,421.375,402.8557692307692,0.0,423.8,3978.4717948717953,0.0,0.019791449543077495
gene_378,20.826992461261796,21.125,13.548076923076923,0.0,19.625,43.93269230769231,0.0,0.06311381020277773
gene_379,0.6228629669127234,0.625,0.5480769230769231,0.525,0.675,1.7634615384615386,0.675,2.3889416429576884
gene_380,6.449185006547091,6.65,5.6692307692307695,0.0,5.2,17.13846153846154,0.025,0.4415111515539952
gene_381,116.02245052752487,115.6,131.52820512820514,0.0,123.7,645.0871794871795,0.0,0.034073829719929324
gene_382,0.6690080313218763,0.8,0.5230769230769231,0.375,0.6,1.0666666666666664,0.675,1.2962962926954726
gene_383,68.74748892213888,69.075,74.17371794871795,0.0,67.425,201.32756410256408,0.0,0.029454183160989713
gene_384,970.7221584798275,969.25,772.3974358974359,0.0,971.425,18164.609615384612,0.0,0.018219555380434415
gene_385,1.452761819876428,1.75,2.551282051282051,0.25,1.275,1.4865384615384614,0.325,0.13012746568755648
gene_386,53.914190483053254,53.425,67.225,0.0,54.15,212.0282051282051,0.0,0.053842505174198495
gene_387,540.3276548816036,541.075,737.5583333333333,0.0,526.025,4042.845512820513,0.0,0.012709762459064846
gene_388,220.64927643338825,220.625,220.34294871794873,0.0,224.4,1650.3487179487179,0.0,0.02831771469707871
gene_389,2.107406889797675,1.95,2.1512820512820516,0.125,1.55,3.27948717948718,0.325,0.7198697934515337
gene_390,64.51996215095866,64.125,59.85576923076923,0.0,64.85,316.951282051282,0.0,0.05994529384903353
gene_391,362.56629320019437,362.775,331.050641025641,0.0,366.75,3803.9358974358975,0.0,0.025554228639695642
gene_392,75.61225908757073,77.3,92.83076923076923,0.0,78.6,339.32307692307694,0.0,0.0422021309498661
gene_393,1.2751785338862982,1.15,1.2589743589743587,0.35,0.975,2.79423076923077,0.45,1.91372072827566
gene_394,240.53959945036004,243.075,232.9942307692308,0.0,246.075,1977.7121794871794,0.0,0.028597094749029245
gene_395,280.7663449969497,278.45,243.79230769230767,0.0,290.475,2045.1275641025638,0.0,0.020795703398166096
gene_396,365.8730758858374,361.125,332.41987179487177,0.0,366.35,2542.079487179487,0.0,0.01621110078904618
gene_397,0.844797356215179,0.825,0.5583333333333335,0.375,0.675,1.0455128205128206,0.6,0.8131968607947843
gene_398,7.207181860595903,7.775,8.332692307692309,0.0,6.1,15.528205128205128,0.025,0.2533782619712914
gene_399,21.834428369265126,21.25,19.628205128205128,0.0,23.675,59.045512820512826,0.0,0.06310465273287796
gene_400,0.8768819557719048,0.925,1.1993589743589745,0.425,0.525,0.5121794871794871,0.6,0.0001
gene_401,7.626949981075967,7.9,8.04102564102564,0.0,7.4,21.579487179487185,0.0,0.2589387724475574
gene_402,506.5996515915883,503.2,474.72820512820516,0.0,484.45,4984.920512820513,0.0,0.019176087383028617
gene_403,139.09133288309712,140.825,163.78910256410256,0.0,139.05,708.8692307692309,0.0,0.029471016508575688
gene_404,0.5252223672144243,0.45,0.35641025641025653,0.6,0.25,0.34615384615384615,0.825,1.5384615138461541
gene_405,116.92738504898165,116.2,108.62564102564104,0.0,121.575,766.1480769230769,0.0,0.04360975081099795
gene_406,23.389180899913576,21.475,18.358333333333334,0.0,23.15,95.72051282051281,0.0,0.13541232700694114
gene_407,824.2547682515345,822.375,890.7019230769231,0.0,820.3,23863.6,0.0,0.03424516403514264
gene_408,81.50468479618505,82.85,67.46410256410256,0.0,85.7,521.1897435897437,0.0,0.059294756149124626
gene_409,915.0948925784927,913.35,1183.6692307692308,0.0,883.025,17709.871153846154,0.0,0.02158026260696812
gene_410,7.676457402665812,7.475,5.896794871794873,0.0,7.5,22.71794871794872,0.0,0.27054131053650093
gene_411,174.30148797152594,173.175,190.81474358974359,0.0,167.975,805.9737179487179,0.0,0.02261155898922833
gene_412,206.58249319755268,206.375,170.65064102564102,0.0,211.55,1363.176923076923,0.0,0.025732723295773932
gene_413,0.9164292747184763,0.8,0.7794871794871796,0.45,1.0,2.769230769230769,0.525,1.7692307674615382
gene_414,1.5239524222838206,1.725,1.7429487179487182,0.175,1.825,5.686538461538461,0.375,1.1594035535009368
gene_415,27.25638262533383,28.575,37.07115384615385,0.0,24.75,93.98717948717949,0.0,0.11302875949322144
gene_416,226.21051495811767,228.8,195.75384615384615,0.0,218.35,1348.3871794871793,0.0,0.023702073469650854
gene_417,2.508629726491868,2.975,2.948076923076923,0.1,2.825,9.737820512820512,0.225,0.8662003930712583
gene_418,0.37089784933124365,0.4,0.2974358974358975,0.625,0.525,0.7685897435897436,0.65,0.8837723091373108
gene_419,3.635920960903966,3.325,2.942948717948718,0.05,4.025,9.973717948717947,0.1,0.367190645320829
gene_420,5.962191735363366,6.15,6.797435897435898,0.0,6.55,21.689743589743586,0.075,0.3528872114536612
gene_421,42.79304614075627,42.75,38.85897435897436,0.0,46.875,165.44551282051282,0.0,0.053962757834733276
gene_422,1.4363377189600237,1.5,1.6923076923076923,0.3,1.5,2.9743589743589745,0.4,0.6552706549794239
gene_423,2.5624214990569167,2.45,2.3564102564102565,0.1,2.775,6.178846153846154,0.25,0.4420220635862845
gene_424,47.376468964333846,47.025,69.30705128205129,0.0,49.1,166.0923076923077,0.0,0.0485282157002249
gene_425,0.9150552158715349,0.775,0.5891025641025641,0.4,0.65,1.2076923076923076,0.675,1.3199817902303568
gene_426,9.021211284876857,9.35,6.07948717948718,0.0,7.725,19.999358974358973,0.025,0.2056846321115747
gene_427,10.06874559205368,10.125,12.419871794871796,0.0,10.625,16.85576923076923,0.0,0.05519297311635964
gene_428,0.9011732980974195,0.825,1.1224358974358974,0.475,0.825,1.4814102564102563,0.55,0.9644227811876344
gene_429,1.0350807282063814,0.925,0.8403846153846155,0.4,1.15,2.9,0.5,1.323251416768808
gene_430,7.579257604182189,7.775,5.512179487179487,0.0,7.75,14.756410256410257,0.0,0.11665199178012246
gene_431,122.01878508824349,121.05,113.79230769230769,0.0,123.025,797.9737179487178,0.0,0.04459478036735251
gene_432,55.027008224205126,56.25,44.55128205128205,0.0,53.925,190.5326923076923,0.0,0.0469780350274075
gene_433,186.48118879144602,185.5,240.97435897435898,0.0,181.775,920.0250000000002,0.0,0.022342674009887573
gene_434,61.830633881253775,60.0,46.35897435897436,0.0,62.95,343.63846153846146,0.0,0.07083258496906861
gene_435,0.4712199527274186,0.4,0.4,0.675,0.375,0.2403846153846154,0.625,0.0001
gene_436,202.52320664541088,205.275,170.35833333333335,0.0,193.925,1222.327564102564,0.0,0.027346109630963202
gene_437,3.4762550278863342,3.45,3.8435897435897437,0.025,2.9,6.707692307692308,0.175,0.4527577059737872
gene_438,8.946128204786426,9.3,7.138461538461538,0.0,9.2,27.599999999999998,0.0,0.21739130434525766
gene_439,1.926465242137533,1.875,2.266025641025641,0.175,1.925,2.737820512820513,0.175,0.21934775175609106
gene_440,108.5688324829004,109.1,104.50256410256411,0.0,109.175,797.7891025641026,0.0,0.05777361080674494
gene_441,202.51160253630724,203.325,216.8916666666667,0.0,200.025,1570.2814102564105,0.0,0.034247847759346944
gene_442,320.7494971773001,321.625,234.70192307692307,0.0,323.7,3422.3692307692304,0.0,0.029572621235343707
gene_443,2.5146137304251823,2.75,2.5,0.05,2.9,8.553846153846154,0.2,0.6722765937186536
gene_444,44.28953347585283,42.775,48.332692307692305,0.0,44.725,232.050641025641,0.0,0.0936475735172104
gene_445,4.346690663611379,4.4,5.271794871794873,0.0,5.175,16.91730769230769,0.025,0.4384627950941858
gene_446,236.09911875863077,235.0,267.8974358974359,0.0,230.7,1616.779487179487,0.0,0.02604311611838268
gene_447,0.9042082446467107,0.725,0.7173076923076922,0.475,0.525,1.3326923076923076,0.75,2.9304029197710824
gene_448,172.57278866187113,173.175,128.30192307692306,0.0,184.25,1386.8589743589744,0.0,0.03542496642802337
gene_449,29.446528554280764,28.975,28.178846153846152,0.0,31.525,121.28141025641027,0.0,0.09031404302572694
gene_450,1.668698618737295,1.9,1.7846153846153845,0.125,1.4,1.8358974358974358,0.3,0.22239665085461188
gene_451,0.42099760074158266,0.35,0.33589743589743587,0.7,0.375,0.5480769230769231,0.75,1.2307692220170945
gene_452,0.6903237897470225,0.675,0.6865384615384615,0.525,0.875,2.1634615384615383,0.6,1.6828885378333385
gene_453,366.38044530947906,366.9,366.91282051282053,0.0,367.3,3051.3435897435897,0.0,0.01989517245064124
gene_454,108.7488287238151,108.175,80.40448717948718,0.0,113.375,552.4455128205128,0.0,0.03415856923245592
gene_455,141.31926199219362,140.45,122.45897435897434,0.0,137.225,546.4865384615385,0.0,0.021733739312820542
gene_456,26.48762451648309,25.25,21.012820512820515,0.0,25.225,55.51217948717949,0.0,0.04759885233042461
gene_457,7.024857460760191,7.5,6.615384615384615,0.0,7.025,18.28141025641026,0.0,0.22809053089362433
gene_458,7.706780073220956,7.25,9.474358974358974,0.0,8.425,19.686538461538465,0.0,0.15865651311720352
gene_459,0.5074902780712182,0.55,0.458974358974359,0.55,0.6,1.0666666666666667,0.625,1.2962962926954733
gene_460,41.69636454735451,41.575,36.09679487179487,0.0,41.35,223.82307692307694,0.0,0.10672047941992237
gene_461,74.43831446766914,73.2,78.26666666666667,0.0,74.6,358.34871794871793,0.0,0.050986623555956526
gene_462,0.7482910243696218,0.8,0.9846153846153848,0.525,0.5,0.9230769230769231,0.725,1.6923076855384616
gene_463,246.39721067432367,246.5,192.76923076923077,0.0,239.05,1606.5102564102565,0.0,0.023929697953552945
gene_464,80.31239412943238,80.525,68.25576923076923,0.0,83.95,298.15128205128207,0.0,0.03039349651902922
gene_465,653.231701383236,658.15,593.2076923076922,0.0,676.7,10373.651282051282,0.0,0.021175947946282525
gene_466,699.4956138799308,698.225,726.8967948717948,0.0,718.025,8755.358333333334,0.0,0.015589523784898451
gene_467,267.12538524832684,270.175,444.5583333333334,0.0,266.275,1831.5891025641026,0.0,0.022077033227249934
gene_468,18.092672779282633,18.1,19.835897435897436,0.0,18.75,77.93589743589743,0.0,0.16835099715051827
gene_469,9.21657279772891,9.175,10.763461538461538,0.0,8.175,20.199358974358972,0.0,0.17992288676305282
gene_470,0.35421477352953257,0.375,0.2916666666666667,0.65,0.15,0.13076923076923075,0.85,0.0001
gene_471,6.422853874300393,6.45,6.1000000000000005,0.0,5.775,18.435256410256407,0.025,0.3796107692097763
gene_472,0.9180495931440458,0.975,0.7942307692307692,0.35,0.975,1.8198717948717946,0.525,0.8887540239137838
gene_473,0.3980448280159404,0.4,0.4,0.675,0.125,0.11217948717948718,0.875,0.0001
gene_474,46.14913993755247,44.625,61.93269230769231,0.0,50.95,175.02307692307693,0.0,0.04779573844665935
gene_475,38.10551106255682,39.05,34.51025641025641,0.0,35.0,133.64102564102564,0.0,0.08052328623750621
gene_476,110.00365165759517,109.25,114.85897435897436,0.0,109.3,808.4205128205127,0.0,0.05852099761691126
gene_477,38.94333078782574,38.85,39.36153846153846,0.0,40.475,98.66602564102566,0.0,0.03552076390026565
gene_478,25.701622807205023,24.725,30.460897435897433,0.0,26.05,95.79230769230769,0.0,0.10277343171032366
gene_479,32.947679971633036,32.025,41.40961538461539,0.0,33.025,113.40961538461536,0.0,0.07370335975788915
gene_480,9.783067981851598,10.25,11.012820512820513,0.0,8.775,23.307051282051283,0.025,0.18872640685530223
gene_481,278.38970001783184,276.55,230.9205128205128,0.0,283.55,2182.35641025641,0.0,0.023616818173177075
gene_482,0.5547407719679445,0.8,1.1384615384615386,0.55,0.575,0.917307692307692,0.65,1.0353351720903046
gene_483,0.4295709663555733,0.375,0.2403846153846154,0.625,0.55,1.1256410256410259,0.675,1.9029455330184468
gene_484,0.3871782616329495,0.3,0.42051282051282046,0.775,0.325,0.32756410256410257,0.725,0.024275527004279554
gene_485,13.48416190598665,13.9,17.579487179487177,0.0,13.125,32.57371794871795,0.0,0.1128995871846461
gene_486,96.75283806357243,93.2,84.01025641025642,0.0,94.2,437.0358974358975,0.0,0.03863531734844537
gene_487,158.78164433775063,157.95,92.45897435897434,0.0,155.425,1055.6352564102563,0.0,0.03726509258914672
gene_488,28.851731357966372,29.7,26.625641025641027,0.0,26.675,98.78910256410256,0.0,0.10134710489289044
gene_489,231.17195976973878,234.025,144.28141025641025,0.0,228.5,1642.820512820513,0.0,0.027087905861564784
gene_490,225.66806457363555,226.15,146.95128205128205,0.0,222.975,1437.4608974358976,0.0,0.024427562377871265
gene_491,1.5809053293603998,1.8,1.5999999999999999,0.15,1.925,4.481410256410257,0.325,0.6898728974789364
gene_492,1.81050558055721,1.675,1.301923076923077,0.15,1.85,3.156410256410257,0.25,0.3817122734926354
gene_493,324.1403587368801,322.4,249.42564102564103,0.0,323.175,2729.122435897436,0.0,0.023036188301686397
gene_494,972.9790293488701,978.775,1066.8455128205128,0.0,978.8,24014.36923076923,0.0,0.024044238500644816
gene_495,1.5868291451548018,1.75,1.6794871794871795,0.2,1.2,2.4717948717948715,0.4,0.883190882577556
gene_496,40.94258953794612,40.4,35.169230769230765,0.0,42.15,292.6435897435897,0.0,0.1409942684748441
gene_497,2.785829315737154,2.975,2.845512820512821,0.05,2.2,4.112820512820513,0.2,0.39521084967464915
gene_498,25.717913127720806,27.0,20.205128205128204,0.0,25.375,64.08653846153847,0.0,0.06012129538534335
gene_499,592.8312078341598,600.8,647.0358974358974,0.0,572.5,4758.410256410257,0.0,0.012771412464019357
gene_500,1.846442987609897,1.825,1.9429487179487177,0.2,2.025,4.486538461538462,0.3,0.6002837277093561
gene_501,0.4750488585916928,0.525,0.6660256410256411,0.65,0.375,0.34294871794871795,0.675,0.0001
gene_502,33.877116267753564,32.55,29.638461538461545,0.0,31.775,99.10192307692309,0.0,0.06668338671791187
gene_503,261.69223722986953,263.575,221.12243589743588,0.0,252.175,1590.8147435897436,0.0,0.02105036622293704
gene_504,24.049414579053735,24.4,14.656410256410258,0.0,23.775,40.53782051282051,0.0,0.029655554140768724
gene_505,32.42770004638572,33.6,37.32307692307692,0.0,33.15,128.23333333333335,0.0,0.08652414827546695
gene_506,47.423285334794684,45.075,46.01987179487179,0.0,45.95,181.8948717948718,0.0,0.06438605230163713
gene_507,15.980459121809277,15.475,11.999358974358975,0.0,17.675,55.199358974358965,0.0,0.12011422321297462
gene_508,0.5495483022708397,0.4,0.34871794871794876,0.65,0.475,0.46089743589743587,0.625,0.0001
gene_509,16.28665976886184,14.925,23.558333333333334,0.0,14.875,58.625,0.0,0.1977261492823491
gene_510,38.39916823133925,39.75,32.91025641025641,0.0,39.75,154.39743589743588,0.0,0.07255879808385006
gene_511,0.49890041261415624,0.725,0.7173076923076922,0.5,0.3,0.6256410256410256,0.825,3.618233578031023
gene_512,68.4236783379643,70.1,78.55384615384614,0.0,66.125,342.1121794871795,0.0,0.0631186262455303
gene_513,177.59916270742954,177.425,152.1480769230769,0.0,176.825,1169.122435897436,0.0,0.031736171592048154
gene_514,593.4288686815553,595.175,553.9429487179488,0.0,584.55,11652.30512820513,0.0,0.03239039260971469
gene_515,100.80545859163243,99.925,108.01987179487179,0.0,97.1,452.9641025641025,0.0,0.03774380861291191
gene_516,458.23812251563135,458.85,556.3358974358974,0.0,482.8,5799.497435897436,0.0,0.022809061868703503
gene_517,285.9474219661115,284.2,236.88205128205132,0.0,272.3,2753.805128205128,0.0,0.03346723970903177
gene_518,87.28909632512712,89.3,80.52307692307694,0.0,79.825,251.32756410256408,0.0,0.026914899534485073
gene_519,4.532886459484462,4.35,3.258974358974359,0.0,4.725,10.460897435897436,0.1,0.2569199041747104
gene_520,0.5019659232866188,0.4,0.2974358974358975,0.625,0.45,0.9205128205128205,0.725,2.323520089823705
gene_521,818.803430736818,817.85,719.2076923076922,0.0,842.95,18340.305128205127,0.0,0.024624576856468742
gene_522,50.11968891423707,50.025,41.204487179487174,0.0,49.4,175.06666666666666,0.0,0.05149513459760657
gene_523,668.6613271187756,666.275,648.1532051282051,0.0,701.725,11265.230128205128,0.0,0.021452314194658328
gene_524,1.1174236512517666,1.0,0.7692307692307693,0.3,1.475,6.050641025641027,0.5,2.103138649141229
gene_525,1.8986927842172618,1.725,1.7942307692307695,0.125,1.775,9.614743589743588,0.475,2.488313774966959
gene_526,31.111415980680558,31.025,31.512179487179484,0.0,31.325,131.86602564102563,0.0,0.10246160437645711
gene_527,3.1078221361443785,3.05,2.971794871794871,0.05,2.975,6.8455128205128215,0.15,0.437315197522831
gene_528,0.37715942927094387,0.425,0.45576923076923076,0.675,0.375,0.3942307692307692,0.7,0.13675213577967704
gene_529,62.355804208197085,61.3,50.420512820512826,0.0,61.775,207.15320512820514,0.0,0.038095510218013745
gene_530,1.5116593110428276,1.525,1.4865384615384614,0.15,1.475,3.845512820512821,0.4,1.089577854374372
gene_531,308.1766497626445,309.175,336.9173076923077,0.0,302.075,3228.225,0.0,0.0320676412818453
gene_532,0.7289382182878817,0.725,0.8198717948717948,0.5,0.7,0.9846153846153846,0.575,0.580847722519463
gene_533,5.011036254344609,4.95,3.5871794871794873,0.0,5.65,18.643589743589743,0.025,0.4070354684997324
gene_534,4.111322897389564,3.925,3.6608974358974353,0.0,3.35,5.823076923076924,0.125,0.22036773649869065
gene_535,2.715872629682006,2.4,2.3487179487179484,0.05,2.5,8.205128205128204,0.25,0.9128205126744614
gene_536,28.92373159838902,28.825,27.99423076923077,0.0,26.725,61.94807692307693,0.0,0.049316456439136604
gene_537,23.861460501819295,24.325,22.63525641025641,0.0,24.625,103.625,0.0,0.13027905898094932
gene_538,0.6579911023890355,0.675,0.583974358974359,0.475,0.975,1.6147435897435896,0.5,0.6729715598375996
gene_539,7.252587765003858,6.85,8.54102564102564,0.025,8.175,31.1224358974359,0.0,0.3433670700684383
gene_540,12.957890114232821,12.925,24.019871794871793,0.0,11.975,33.409615384615385,0.0,0.14947365385936018
gene_541,339.13315420678435,338.625,380.5480769230769,0.0,328.325,2767.404487179487,0.0,0.0226265348010127
gene_542,171.15194599648487,173.65,172.1820512820513,0.0,174.75,1922.9615384615386,0.0,0.05724790701489293
gene_543,242.79314419708754,244.325,203.45576923076922,0.0,243.0,1641.3846153846155,0.0,0.023681766251496077
gene_544,45.76560928071497,47.5,44.205128205128204,0.0,44.975,164.17884615384617,0.0,0.058931558186411256
gene_545,19.467633435207237,19.075,24.071153846153848,0.0,20.725,57.99935897435897,0.0,0.08678029156996671
gene_546,640.9020940874981,635.575,665.2762820512821,0.0,628.225,4665.204487179487,0.0,0.010228833575845479
gene_547,17.215273912552465,16.875,19.80448717948718,0.0,19.15,49.669230769230765,0.0,0.08322159335505061
gene_548,14.327476446124274,13.975,16.53782051282051,0.0,15.025,38.43525641025641,0.0,0.10369963055540914
gene_549,32.94897629892286,32.35,23.361538461538462,0.0,30.875,117.08653846153847,0.0,0.09043810686181832
gene_550,3.644298646110559,3.825,3.994230769230769,0.025,3.875,11.342948717948717,0.025,0.49734517993432653
gene_551,389.62669879431485,390.05,289.5871794871795,0.0,374.375,3581.0096153846152,0.0,0.02287893460549039
gene_552,21.384021171286772,21.8,12.625641025641025,0.0,22.225,68.84551282051282,0.0,0.09438294125130105
gene_553,26.776765928682675,25.35,16.43846153846154,0.0,27.35,125.66923076923075,0.0,0.13143886817455266
gene_554,1.8597183401837645,2.0,2.1025641025641026,0.1,1.775,3.4096153846153845,0.275,0.51882257777316
gene_555,26.121197377244776,25.975,30.383974358974356,0.0,26.4,69.93846153846155,0.0,0.06246909655991605
gene_556,21.22883564676208,21.75,15.166666666666666,0.0,20.6,74.04102564102564,0.0,0.12593323037256032
gene_557,2.2521364951551384,2.2,2.369230769230769,0.175,2.425,5.378846153846153,0.3,0.5023013971038541
gene_558,9.932369607779181,9.325,10.378846153846153,0.0,10.0,27.743589743589745,0.0,0.17743589743412308
gene_559,0.6962417330672792,0.8,0.7282051282051284,0.425,0.775,0.8455128205128207,0.475,0.11739907662088928
gene_560,1.8805922081587894,1.425,1.5839743589743591,0.3,1.725,3.230128205128205,0.325,0.5058191823977771
gene_561,490.01742982172954,487.35,630.9000000000001,0.0,500.725,5474.050641025641,0.0,0.01983573722152256
gene_562,374.6342555784063,375.8,398.8820512820513,0.0,372.8,2971.7538461538466,0.0,0.018700221889403727
gene_563,253.2967265649725,251.425,240.0455128205128,0.0,248.075,1880.8916666666664,0.0,0.02653208773023026
gene_564,105.66020922522013,107.65,127.82307692307691,0.0,102.7,390.67692307692306,0.0,0.027303404294078928
gene_565,4.297999029625553,3.975,5.20448717948718,0.0,4.15,16.48974358974359,0.1,0.7164896843679546
gene_566,0.5852350409228992,0.5,0.5128205128205128,0.6,0.875,1.2916666666666667,0.525,0.5442176863640151
gene_567,112.89675754532873,115.425,82.76346153846153,0.0,111.625,748.8044871794872,0.0,0.05113742343332791
gene_568,1.3031924851825478,1.35,1.0538461538461539,0.15,1.175,3.1224358974358974,0.55,1.4105465973927391
gene_569,85.68413886566762,82.55,78.30512820512821,0.0,80.025,315.5121794871794,0.0,0.036771885775252026
gene_570,161.62283953090358,161.375,145.67628205128204,0.0,164.7,727.1897435897437,0.0,0.020736115805474475
gene_571,6.7086641498468635,5.825,6.353205128205128,0.0,6.375,12.907051282051283,0.0,0.1607271365017284
gene_572,0.4852107422744929,0.325,0.2762820512820513,0.7,0.65,1.72051282051282,0.65,2.5337581490628676
gene_573,49.835408489263976,49.125,43.907051282051285,0.0,50.675,193.91730769230767,0.0,0.05578067872269091
gene_574,9.206289963904528,9.475,8.358333333333334,0.0,8.525,17.742948717948714,0.05,0.12683686886520584
gene_575,0.5200479375316508,0.475,0.3583333333333333,0.575,0.525,0.6660256410256411,0.65,0.5116576526584432
gene_576,7.896098837056715,8.55,10.305128205128204,0.0,9.275,23.230128205128203,0.0,0.1622205965369735
gene_577,552.4848135146557,550.3,750.574358974359,0.0,537.025,7709.614743589743,0.0,0.02487064126632047
gene_578,1.7192521765387463,1.95,1.9974358974358972,0.15,1.4,2.707692307692308,0.475,0.6671899525638357
gene_579,327.70194575708746,329.025,309.20448717948716,0.0,333.65,4855.823076923077,0.0,0.04062233858733083
gene_580,14.229896959892699,13.475,20.35833333333333,0.0,12.9,36.348717948717955,0.0,0.14090930802582205
gene_581,46.866421005467,48.275,54.97371794871795,0.0,47.275,137.69166666666666,0.0,0.040456230692968234
gene_582,2.8737462983479354,2.7,2.112820512820513,0.075,2.525,5.7429487179487175,0.3,0.504726786384706
gene_583,5.205025595991882,4.55,4.151282051282052,0.0,5.2,13.856410256410259,0.075,0.3201335153879483
gene_584,0.5255489051561777,0.825,1.1737179487179485,0.475,0.825,1.6865384615384613,0.6,1.2658049003087701
gene_585,0.6476250508582406,0.775,0.6403846153846154,0.425,0.525,1.0250000000000001,0.675,1.8140589503344802
gene_586,19.121050635898172,18.425,14.45576923076923,0.0,17.7,38.266666666666666,0.0,0.0656473767646622
gene_587,2.4071704590766103,2.475,1.4865384615384616,0.025,2.35,4.387179487179488,0.175,0.36888718638489815
gene_588,154.54425847374716,152.175,120.14807692307691,0.0,154.9,1120.0923076923077,0.0,0.04022638598934765
gene_589,5.230849490425282,5.3,2.8307692307692305,0.0,4.675,14.481410256410255,0.05,0.4486904518155654
gene_590,341.14939465990096,343.65,239.20769230769233,0.0,345.725,4349.486538461539,0.0,0.03349705548887547
gene_591,236.56648190952697,238.65,178.9,0.0,235.525,1453.896794871795,0.0,0.02196371560519831
gene_592,1.8007975812992902,1.6,2.451282051282051,0.25,1.95,8.92051282051282,0.425,1.8331394657934732
gene_593,0.8092881394685634,0.6,0.5538461538461538,0.55,0.9,1.323076923076923,0.475,0.5223171883390195
gene_594,4.257763532625483,3.95,4.7153846153846155,0.025,5.025,11.717307692307692,0.05,0.2650353285133598
gene_595,28.607987913714602,27.025,31.204487179487185,0.0,30.25,115.01282051282051,0.0,0.0926306350798201
gene_596,296.4497302472607,291.725,248.7685897435897,0.0,297.65,2797.002564102564,0.0,0.028210822551473027
gene_597,845.6552258350736,848.9,637.0153846153846,0.0,836.7,13472.523076923075,0.0,0.01804945107020138
gene_598,177.5883302353617,178.425,174.66089743589745,0.0,175.15,1256.4384615384618,0.0,0.03524692913316016
gene_599,4.452477166654069,4.5,3.7948717948717947,0.025,5.6,13.117948717948718,0.025,0.239730507580006
gene_600,835.7666074465617,830.475,757.999358974359,0.0,836.725,20897.024999999998,0.0,0.028653120959307807
gene_601,446.98531177497335,447.65,519.874358974359,0.0,460.925,3835.712179487179,0.0,0.015884950355265524
gene_602,20.35698817887586,20.575,16.250641025641027,0.0,21.2,54.882051282051286,0.0,0.07494226433334004
gene_603,7.392256143174828,8.05,8.561538461538463,0.0,6.775,17.409615384615382,0.0,0.2316878121895659
gene_604,6.4862705928174496,7.1,6.810256410256411,0.0,6.4,13.682051282051283,0.0,0.17778445512386468
gene_605,881.9247353761887,881.75,958.7051282051282,0.0,874.475,24410.666025641025,0.0,0.030778070066035727
gene_606,7.430158493172312,7.225,9.20448717948718,0.0,6.1,16.451282051282053,0.0,0.2781854891428076
gene_607,56.69030855715622,56.3,71.75384615384617,0.0,58.475,132.8198717948718,0.0,0.021742553926799548
gene_608,0.8354949495461418,1.15,1.258974358974359,0.35,0.65,1.3615384615384614,0.625,1.68411469788011
gene_609,0.7867417994201468,0.875,0.9326923076923077,0.425,0.75,1.7820512820512822,0.625,1.8347578314960433
gene_610,110.88501684319627,111.2,109.03589743589743,0.0,112.85,405.9769230769231,0.0,0.023017204826800843
gene_611,356.09802744801544,354.975,294.8455128205128,0.0,366.475,3834.871153846154,0.0,0.02582497970707495
gene_612,29.04219666460728,30.85,23.053846153846152,0.0,29.375,75.47115384615384,0.0,0.053420621931198314
gene_613,298.63983998672717,299.95,217.33076923076928,0.0,293.125,1983.496794871795,0.0,0.01967326841972779
gene_614,0.32810256805127114,0.225,0.23012820512820517,0.8,0.4,0.5025641025641026,0.7,0.6410256370192304
gene_615,6.587203916414244,6.625,5.266025641025641,0.0,6.85,14.746153846153844,0.025,0.16828075754671137
gene_616,0.3967081040112375,0.475,0.4096153846153845,0.6,0.225,0.28141025641025647,0.825,1.1142766478218233
gene_617,7.317145980380208,7.25,8.653846153846153,0.0,6.525,19.281410256410258,0.025,0.2996176863195934
gene_618,3.8945244837334623,4.275,4.204487179487179,0.0,3.175,8.660897435897436,0.15,0.5442021139912688
gene_619,5.803187949557606,6.325,5.507051282051283,0.0,6.725,14.255769230769229,0.025,0.16651553694620505
gene_620,1.085590442367296,1.125,1.3429487179487178,0.325,0.925,1.7634615384615386,0.55,0.979940438254607
gene_621,130.44742135582553,131.45,131.53589743589743,0.0,129.675,802.173717948718,0.0,0.03999253627528374
gene_622,963.6493910040256,956.725,1202.819871794872,0.0,974.85,21166.541025641025,0.0,0.021246974661588522
gene_623,0.3278468538317688,0.3,0.3692307692307692,0.775,0.2,0.21538461538461545,0.825,0.3846153750000016
gene_624,56.66725330186677,56.7,51.54871794871795,0.0,53.0,197.02564102564102,0.0,0.051272923113417496
gene_625,4.525060264355403,4.525,3.230128205128205,0.0,4.15,7.617948717948718,0.025,0.20136151648990308
gene_626,25.066606497283495,24.875,23.189102564102566,0.0,24.65,103.00256410256411,0.0,0.12894941201557739
gene_627,9.599585954298576,9.75,10.038461538461538,0.0,10.15,25.66923076923077,0.0,0.1506392367597382
gene_628,781.6535823774902,776.0,795.5384615384615,0.0,765.475,13601.332692307695,0.0,0.021905989272613044
gene_629,1.5668219875977831,1.075,0.942948717948718,0.325,1.525,4.3583333333333325,0.45,1.2183104894877819
gene_630,41.10044184112613,40.775,39.10192307692307,0.0,40.275,114.20448717948719,0.0,0.045577090266331825
gene_631,109.19534752233366,109.6,68.91282051282052,0.0,111.25,497.21794871794873,0.0,0.03118539163987719
gene_632,0.9063145644748077,0.825,0.7634615384615384,0.425,0.375,0.7019230769230769,0.8,2.324786308254511
gene_633,76.35609764937216,74.675,70.27628205128205,0.0,78.075,374.4301282051282,0.0,0.048617034095224956
gene_634,247.48982305138284,247.6,209.63076923076923,0.0,254.65,1661.5666666666668,0.0,0.02169606700282108
gene_635,11.170345408941992,11.05,8.664102564102564,0.0,10.625,31.778846153846153,0.0,0.18738355070369014
gene_636,0.6789555089635165,0.725,0.6147435897435898,0.45,0.65,1.412820512820513,0.675,1.805492333763362
gene_637,0.8792672714107072,0.925,0.8916666666666666,0.425,1.025,1.2044871794871794,0.45,0.17083848120532164
gene_638,14.539588344281897,13.975,10.127564102564103,0.0,13.775,39.61474358974359,0.0,0.1361773832871824
gene_639,113.53946262166126,114.675,102.43012820512821,0.0,107.925,348.0198717948718,0.0,0.02061288448010577
gene_640,48.4036951156589,47.0,55.02564102564103,0.0,49.3,254.21538461538466,0.0,0.08431031792572706
gene_641,0.7332446492490546,0.775,0.7429487179487181,0.45,0.8,2.215384615384616,0.65,2.2115384580829334
gene_642,4.644545549920173,4.5,3.948717948717949,0.0,4.675,14.122435897435897,0.025,0.43226564772243453
gene_643,3.1631429178781563,2.775,2.076282051282051,0.075,4.375,16.34294871794872,0.125,0.625264259517307
gene_644,5.152991345562161,4.975,4.537820512820512,0.0,5.725,27.332692307692305,0.025,0.65926103032461
gene_645,0.8065950263890392,0.825,0.7121794871794871,0.425,0.775,1.1532051282051283,0.55,0.6296859564211319
gene_646,17.824156078996126,17.525,18.20448717948718,0.0,17.875,49.44551282051282,0.0,0.09880741456826724
gene_647,5.191069136272465,5.25,4.602564102564102,0.0,5.625,16.90705128205128,0.025,0.35656853433504276
gene_648,108.05036701237043,106.675,79.66089743589744,0.0,102.85,502.6435897435897,0.0,0.0377943807838822
gene_649,0.6306895476910485,0.6,0.39999999999999997,0.475,0.9,2.1435897435897435,0.55,1.535295977844997
gene_650,1.565611898664233,1.625,1.7275641025641026,0.225,1.525,2.871153846153846,0.375,0.5788353004353716
gene_651,0.45861594505759945,0.4,0.34871794871794876,0.65,0.3,0.4717948717948718,0.8,1.9088318876226658
gene_652,5.958556302222771,6.825,4.301923076923077,0.0,6.75,29.423076923076923,0.025,0.49762583094824253
gene_653,184.26057309025026,188.225,171.92243589743592,0.0,188.95,1602.715384615385,0.0,0.03959893915534374
gene_654,0.8681094274603397,0.725,0.7685897435897435,0.475,0.6,0.7076923076923076,0.575,0.29914529831433984
gene_655,9.398296639593063,9.8,10.523076923076923,0.0,10.55,28.971794871794874,0.0,0.16551106104201935
gene_656,76.45637388569762,77.1,94.39999999999999,0.0,75.125,293.8557692307692,0.0,0.038756175178824945
gene_657,1.0092334443645834,1.175,0.9173076923076925,0.275,0.775,1.3070512820512823,0.575,0.8858293963212535
gene_658,0.3650241012201323,0.45,0.4076923076923078,0.625,0.475,0.9224358974358973,0.725,1.9830953815082635
gene_659,0.36778922047408014,0.55,0.40769230769230774,0.525,0.45,0.5615384615384615,0.65,0.5508072147538484
gene_660,32.15159574109821,31.5,25.794871794871796,0.0,34.35,118.95128205128206,0.0,0.07170071089517349
gene_661,3.2424444331092332,3.65,2.48974358974359,0.0,3.1,8.553846153846154,0.175,0.5675178099145303
gene_662,71.37257720040664,70.575,83.27628205128205,0.0,72.65,441.1564102564102,0.0,0.06981902980829283
gene_663,1.6977614959324128,1.95,1.8948717948717946,0.175,2.075,6.7891025641025635,0.4,1.0948706780102055
gene_664,19.3262535444072,19.15,13.156410256410258,0.0,19.875,82.77884615384616,0.0,0.1592439442204012
gene_665,422.01658781038117,421.625,313.26602564102564,0.0,411.75,2718.7051282051284,0.0,0.013607299117300665
gene_666,37.901249145841746,39.025,40.89679487179487,0.0,40.075,120.48141025641024,0.0,0.050066082586952436
gene_667,52.03942010001733,51.1,27.938461538461535,0.0,50.5,223.7948717948718,0.0,0.06795211128117001
gene_668,697.3994622472886,704.025,557.4096153846153,0.0,710.625,17609.727564102563,0.0,0.03346437187471426
gene_669,5.063792338121176,4.95,5.176923076923076,0.0,4.9,9.374358974358975,0.0,0.18635397643367846
gene_670,11.776523133883636,12.6,12.4,0.0,11.325,32.1224358974359,0.0,0.162156130752735
gene_671,56.999240378173006,57.25,49.42307692307692,0.0,56.875,209.54807692307693,0.0,0.047197569970167386
gene_672,13.120367961436013,12.3,10.984615384615385,0.0,14.55,55.79230769230768,0.0,0.1948125680712928
gene_673,36.743427565485966,36.525,28.71730769230769,0.0,34.7,114.67692307692307,0.0,0.06642105081584984
gene_674,0.32872536591523205,0.225,0.23012820512820517,0.8,0.175,0.2506410256410257,0.875,2.4699109606894614
gene_675,25.083406840355252,24.6,24.91282051282051,0.0,27.075,87.86602564102564,0.0,0.0829282575124401
gene_676,2.4978042311812363,2.3,2.9846153846153847,0.125,3.1,12.964102564102564,0.25,1.0264414737852363
gene_677,6.253792079025608,5.45,3.9974358974358974,0.0,6.2,21.13846153846154,0.025,0.38861762586037785
gene_678,181.72841747651884,184.15,109.72051282051282,0.0,180.45,1472.6128205128207,0.0,0.039682905986251425
gene_679,4.450167071785214,4.475,3.0250000000000004,0.0,3.25,6.243589743589744,0.1,0.2834167804313682
gene_680,343.348840389665,340.5,376.56410256410254,0.0,331.525,3328.204487179487,0.0,0.027265139720479656
gene_681,76.07747492164206,74.7,64.72820512820512,0.0,76.975,364.69166666666666,0.0,0.048558540512481596
gene_682,135.83531634849555,136.45,128.7153846153846,0.0,134.85,671.2076923076922,0.0,0.02949528602181678
gene_683,45.668699497455535,44.725,32.46089743589744,0.0,45.325,178.32756410256408,0.0,0.06474174309645114
gene_684,819.5070397196966,818.5,387.94871794871796,0.0,838.35,15698.592307692306,0.0,0.02114341594919719
gene_685,484.1139427672013,485.925,585.9173076923076,0.0,501.7,5166.523076923077,0.0,0.018533053303134733
gene_686,411.49566686800915,408.15,351.61794871794876,0.0,433.125,5721.291666666667,0.0,0.028188932546796757
gene_687,143.6557067083657,141.375,203.2147435897436,0.0,145.9,861.374358974359,0.0,0.0336111591626141
gene_688,0.4475396219754144,0.55,0.7153846153846154,0.625,0.6,1.528205128205128,0.725,2.5783475711855015
gene_689,0.42397785653928916,0.35,0.38717948717948714,0.725,0.35,0.5923076923076923,0.775,1.9780219618748605
gene_690,213.26565724059478,211.025,173.56346153846155,0.0,221.025,1810.948076923077,0.0,0.03254567733763467
gene_691,840.216273175613,836.5,880.1025641025641,0.0,807.05,13808.715384615385,0.0,0.019961726503046076
gene_692,63.99902343634052,64.75,44.55128205128205,0.0,61.0,244.76923076923077,0.0,0.04938705476194071
gene_693,7.258640365394764,7.35,6.489743589743589,0.0,6.275,12.409615384615385,0.0,0.15579728282305583
gene_694,53.73938660364782,54.2,40.01025641025641,0.0,53.925,192.48141025641027,0.0,0.047648179867034936
gene_695,1.4639361462400338,1.475,0.9737179487179486,0.125,1.7,3.907692307692307,0.35,0.7639073726395847
gene_696,8.63476390609614,8.575,13.327564102564105,0.0,8.125,22.060897435897434,0.0,0.21109998482459771
gene_697,6.298713070379482,6.1,7.682051282051282,0.0,5.025,18.076282051282053,0.05,0.5168696636524911
gene_698,3.152457036820641,2.9,2.041025641025641,0.05,3.375,10.189102564102564,0.075,0.5982202524887216
gene_699,1.2029998365164487,1.075,1.5583333333333336,0.425,1.225,2.589102564102564,0.45,0.909022949233513
gene_700,607.1460672063919,610.825,884.1480769230768,0.0,613.575,12169.43012820513,0.0,0.030694939131089536
gene_701,935.4057210049842,932.025,878.1788461538462,0.0,892.375,16000.189102564103,0.0,0.01897172594211859
gene_702,29.05564634352556,30.0,26.41025641025641,0.0,26.85,70.95128205128206,0.0,0.06117340220512036
gene_703,28.473303221920226,27.6,26.451282051282053,0.0,27.45,104.04871794871796,0.0,0.10165688627259539
gene_704,738.3858897177133,732.8,1209.907692307692,0.0,757.025,21364.024999999998,0.0,0.03595790058265387
gene_705,75.75381448989928,75.45,102.81794871794872,0.0,69.85,252.89999999999995,0.0,0.0375177609859275
gene_706,0.47003213552378753,0.45,0.458974358974359,0.625,0.65,0.7974358974358975,0.575,0.3489607031643473
gene_707,3.210589247473764,3.4,3.682051282051282,0.0,4.2,11.548717948717949,0.05,0.416593987998943
gene_708,8.159330685075092,9.2,9.907692307692306,0.0,9.025,25.76858974358974,0.0,0.2055673574436558
gene_709,7.487638531031801,7.85,6.694871794871795,0.025,7.5,20.307692307692307,0.0,0.22769230768825982
gene_710,1.8547415709565258,1.8,1.6000000000000003,0.15,1.75,5.115384615384615,0.375,1.0989010985422738
gene_711,7.493799785429211,7.075,8.481410256410255,0.0,6.0,19.128205128205128,0.0,0.3646723646622349
gene_712,98.29576474044245,97.225,105.30705128205126,0.0,95.325,472.84038461538466,0.0,0.04154521654077046
gene_713,187.65315108992908,186.6,153.83589743589744,0.0,190.775,1913.2044871794874,0.0,0.047325861382460185
gene_714,351.0129478737537,351.0,318.15384615384613,0.0,342.9,4714.553846153847,0.0,0.03718012078843585
gene_715,1.3833452153831272,1.35,0.9512820512820513,0.15,1.275,2.61474358974359,0.425,0.8241406160211914
gene_716,10.136156753375074,10.075,7.917307692307692,0.0,10.575,25.73782051282051,0.0,0.1355873716406836
gene_717,1.0596682239885429,1.125,1.189102564102564,0.35,1.25,2.3461538461538463,0.375,0.7015384610894769
gene_718,2.9150168050630265,3.15,4.028205128205128,0.075,2.7,4.8307692307692305,0.1,0.2922865885427906
gene_719,0.5117071606869074,0.55,0.612820512820513,0.575,0.45,0.5102564102564103,0.675,0.2975625183152978
gene_720,51.893492796602565,51.125,76.16346153846153,0.0,52.55,334.20256410256417,0.0,0.10199250737685814
gene_721,3.355593833370341,3.325,4.1737179487179485,0.025,3.3,11.138461538461538,0.125,0.7197852651737148
gene_722,449.2941248184573,446.325,395.0967948717949,0.0,458.6,8068.4,0.0,0.03618304747816057
gene_723,3.2628583881654105,3.4,2.7076923076923074,0.025,3.0,6.923076923076923,0.2,0.43589743584900287
gene_724,0.6217586741364087,0.45,0.5615384615384615,0.65,0.825,1.3275641025641023,0.525,0.7383861918467823
gene_725,11.814211327873563,12.1,11.682051282051283,0.0,13.125,40.5224358974359,0.0,0.15904180475516724
gene_726,1.7209897083546177,1.675,2.1224358974358974,0.225,1.15,1.9256410256410255,0.35,0.5864960491905705
gene_727,46.566728556570574,47.925,60.430128205128206,0.0,49.225,281.40961538461534,0.0,0.09582128492270911
gene_728,24.012828388643918,25.075,28.737820512820516,0.0,26.075,58.68653846153846,0.0,0.04796480167595392
gene_729,549.483712575269,552.35,601.2589743589743,0.0,550.35,5694.6435897435895,0.0,0.016984305954953507
gene_730,4.283788374922038,3.975,5.307051282051282,0.025,4.425,9.532692307692306,0.075,0.2608544062016127
gene_731,130.9304186600162,130.775,75.97371794871796,0.0,132.875,509.24038461538464,0.0,0.021316854369795322
gene_732,195.7014135883159,196.575,250.25064102564102,0.0,209.3,1582.4205128205126,0.0,0.03134513887829135
gene_733,0.47652739832015595,0.5,0.5641025641025641,0.625,0.325,0.5326923076923077,0.8,1.9663176873466506
gene_734,2.5686546597917697,2.15,2.4384615384615382,0.15,2.625,8.137820512820513,0.25,0.800046514216122
gene_735,125.69292363715726,124.65,143.8230769230769,0.0,129.5,614.4615384615385,0.0,0.02891796714190364
gene_736,55.978223733926185,57.2,46.52307692307693,0.0,55.9,173.22051282051282,0.0,0.03754484682923931
gene_737,70.76763314251154,70.5,56.56410256410256,0.0,64.95,334.5615384615385,0.0,0.06391166971252821
gene_738,9.561112695591587,8.525,9.127564102564103,0.0,9.225,16.53782051282051,0.0,0.08593145482462178
gene_739,0.46856122616650003,0.425,0.507051282051282,0.675,0.575,1.1224358974358974,0.675,1.6557607433803758
gene_740,1.9811621126889238,1.95,2.253846153846154,0.125,1.55,6.1,0.4,1.8938605611263843
gene_741,14.557821919137421,15.15,13.874358974358975,0.0,14.1,34.09230769230769,0.0,0.10055986968566537
gene_742,8.288590790799882,8.55,8.86923076923077,0.0,8.775,30.79423076923077,0.025,0.2859617148425069
gene_743,298.07457145219314,295.2,238.16410256410256,0.0,296.7,1769.651282051282,0.0,0.01673220936481802
gene_744,306.95740540012486,309.725,221.12756410256407,0.0,303.625,2720.8044871794873,0.0,0.026220069857054468
gene_745,684.637664977438,689.125,1060.2147435897436,0.0,683.125,13258.830128205129,0.0,0.026948338071019238
gene_746,914.6470121496061,919.775,1036.2814102564103,0.0,898.475,20414.307051282052,0.0,0.024175478415352072
gene_747,402.6574442845053,405.425,389.1737179487179,0.0,400.775,3599.8198717948712,0.0,0.01991677816760033
gene_748,55.525647322030686,57.225,58.43525641025641,0.0,53.025,223.7173076923077,0.0,0.060708932388157937
gene_749,14.150006438937556,14.85,9.925641025641024,0.0,13.375,36.39423076923077,0.0,0.12867768095226953
gene_750,1.4756937305907956,1.35,1.4128205128205127,0.25,1.425,2.6096153846153847,0.3,0.5833747659129627
gene_751,0.5933316874314378,0.85,0.6435897435897434,0.35,0.85,1.2589743589743587,0.575,0.5660544753056115
gene_752,32.210286001680664,33.5,41.282051282051285,0.0,31.925,103.86602564102564,0.0,0.07058538912690465
gene_753,69.37653955398767,65.55,116.10000000000001,0.0,67.275,269.23012820512815,0.0,0.04462183980433471
gene_754,45.63881799423968,47.0,63.58974358974359,0.0,42.95,98.66410256410256,0.0,0.030202215568132178
gene_755,0.6266531687913904,0.5,0.358974358974359,0.55,0.725,1.4865384615384616,0.625,1.4488246565320084
gene_756,232.05473703061503,232.425,167.78910256410256,0.0,239.275,1936.3070512820514,0.0,0.029641173603370125
gene_757,0.4192605371372364,0.375,0.44551282051282054,0.7,0.35,0.38717948717948714,0.7,0.3035060153141318
gene_758,28.930644552300542,28.575,24.86602564102564,0.0,29.35,89.46410256410255,0.0,0.06978469051369421
gene_759,0.7458503334724401,0.65,0.5923076923076923,0.5,0.9,1.2205128205128208,0.45,0.3956948396507728
gene_760,993.0544157508614,987.825,1312.3532051282052,0.0,971.875,26860.31730769231,0.0,0.027408489286790762
gene_761,48.55257136494251,49.375,56.59935897435897,0.0,51.05,189.58717948717947,0.0,0.05315876082660844
gene_762,3.488599316953526,3.65,3.464102564102564,0.0,3.25,4.756410256410256,0.1,0.14261872248687693
gene_763,362.8256931528321,364.825,339.58397435897433,0.0,368.025,5358.691666666666,0.0,0.03684715158353042
gene_764,75.68185654737447,77.525,74.8198717948718,0.0,79.025,381.6147435897436,0.0,0.0484535045606858
gene_765,2.483155730668171,2.375,3.3685897435897436,0.1,1.95,4.407692307692307,0.275,0.6463359124381253
gene_766,391.96758774151647,386.8,521.3435897435897,0.0,381.05,2967.279487179487,0.0,0.017811607941443503
gene_767,835.9796439407636,841.225,545.6660256410257,0.0,846.275,12084.101923076922,0.0,0.015691314107784265
gene_768,23.86876375124069,24.15,28.9,0.0,23.45,59.843589743589746,0.0,0.06618189541513916
gene_769,48.87986781264893,49.125,41.03525641025641,0.0,45.45,179.9974358974359,0.0,0.06513398512001159
gene_770,10.41456849258724,9.575,8.353205128205127,0.0,10.525,23.691666666666663,0.0,0.118858879528306
gene_771,0.6516594332205305,0.55,0.7666666666666668,0.625,0.4,0.34871794871794876,0.65,0.0001
gene_772,348.7199738560838,349.975,360.3326923076923,0.0,360.05,2452.7153846153847,0.0,0.016142625075278513
gene_773,0.9866157607951329,0.75,0.7564102564102564,0.475,0.725,0.9224358974358973,0.525,0.3756212072490389
gene_774,66.5277265362332,67.2,75.49743589743589,0.0,65.225,227.4096153846154,0.0,0.038122509357123135
gene_775,12.437427599985995,12.425,7.276282051282051,0.0,12.825,51.37884615384615,0.0,0.23439749303975324
gene_776,2.633790817678851,2.7,3.0871794871794873,0.075,2.25,4.756410256410256,0.275,0.49509338388447666
gene_777,119.83401573696096,121.15,110.9,0.0,118.1,527.425641025641,0.0,0.029347367830446336
gene_778,251.29869037989062,257.45,279.58717948717947,0.0,254.8,1859.907692307692,0.0,0.024723236809423392
gene_779,231.25483552268508,231.475,138.4096153846154,0.0,235.725,2140.050641025641,0.0,0.03427124851550832
gene_780,1.5649150706152282,1.575,1.3788461538461538,0.175,2.025,3.20448717948718,0.275,0.28763595286073323
gene_781,28.29978709192148,28.85,25.77179487179487,0.0,28.2,100.31794871794872,0.0,0.09068702368826774
gene_782,1.2134961196889917,1.1,1.3743589743589744,0.4,1.375,2.1891025641025643,0.325,0.4305997030992209
gene_783,132.88161673579765,132.55,125.74102564102563,0.0,127.45,895.6897435897437,0.0,0.04729520271811429
gene_784,2.7290546939660736,3.35,4.130769230769231,0.025,2.975,8.691666666666666,0.25,0.6459054209189476
gene_785,362.9813802926925,362.0,421.6923076923077,0.0,388.4,5264.297435897435,0.0,0.03232184321042337
gene_786,0.3358203301125219,0.225,0.17884615384615388,0.775,0.4,0.45128205128205134,0.7,0.3205128185096156
gene_787,0.8742870155827178,0.85,0.6435897435897435,0.375,0.65,0.8487179487179489,0.575,0.47033833904759886
gene_788,0.7176677609231429,0.575,0.5583333333333333,0.575,0.425,0.35320512820512817,0.625,0.0001
gene_789,2.5350391734092135,3.025,2.4352564102564105,0.05,3.35,8.797435897435898,0.175,0.4854030649989303
gene_790,34.77747918841361,35.825,31.071153846153848,0.0,37.375,114.08653846153847,0.0,0.05491592332898902
gene_791,269.4522298232508,271.475,231.89679487179487,0.0,268.0,1482.974358974359,0.0,0.016915994082400618
gene_792,53.8915678448025,54.35,55.258974358974356,0.0,54.4,164.96410256410257,0.0,0.03736081536685811
gene_793,82.58952055703989,81.65,104.54102564102566,0.0,81.2,379.85641025641024,0.0,0.045295992722518885
gene_794,0.7536969845157301,0.575,0.507051282051282,0.55,0.625,1.3173076923076923,0.65,1.7723076877705846
gene_795,1.7130649666683015,1.75,2.1923076923076925,0.15,1.675,3.045512820512821,0.3,0.48848752774313503
gene_796,224.85910789365994,223.875,296.00961538461536,0.0,230.05,2007.8435897435895,0.0,0.033592077277617725
gene_797,82.69806462388016,83.175,78.09679487179486,0.0,79.65,321.874358974359,0.0,0.0381809082303062
gene_798,636.7155547889245,637.225,648.999358974359,0.0,645.175,8575.789102564102,0.0,0.019052490641954536
gene_799,1.1358986375491598,1.25,1.6794871794871795,0.3,0.85,1.2076923076923076,0.525,0.4950758577124316
gene_800,0.9181493720569628,1.15,0.6435897435897436,0.2,0.75,2.3974358974358974,0.6,2.9287749235682177
gene_801,2.6170907202662876,2.825,1.6865384615384613,0.0,3.2,9.907692307692306,0.175,0.655048076859107
gene_802,190.2482229724123,188.725,192.46089743589744,0.0,186.9,1580.7076923076922,0.0,0.039901043562196314
gene_803,18.963600642022286,18.05,14.561538461538461,0.0,16.6,42.04102564102564,0.0,0.09232481361929638
gene_804,45.36613021989054,49.15,36.54102564102564,0.0,48.75,250.55128205128204,0.0,0.08491309698406717
gene_805,1.287951054966554,1.325,1.4044871794871794,0.3,1.0,1.9487179487179487,0.55,0.9487179477692307
gene_806,41.59969421268171,43.25,52.3974358974359,0.0,42.7,116.98461538461538,0.0,0.040742073605720776
gene_807,27.868158581241204,28.1,34.4,0.0,29.475,113.94807692307693,0.0,0.09723232845417328
gene_808,72.95950237736305,69.875,85.44551282051282,0.0,75.075,291.6608974358974,0.0,0.038427266583718686
gene_809,11.109251957812981,10.6,13.68205128205128,0.0,10.825,35.63525641025641,0.025,0.21172660932679518
gene_810,55.71716652051058,55.075,69.91730769230769,0.0,58.4,252.55384615384617,0.0,0.056927263016568905
gene_811,9.685602661252018,9.725,8.614743589743588,0.0,9.65,24.592307692307692,0.0,0.16045861840207504
gene_812,28.597136248228686,29.175,28.917307692307695,0.0,30.975,112.38397435897437,0.0,0.08484957145021352
gene_813,2.387249136386657,2.275,2.204487179487179,0.075,2.35,5.823076923076924,0.275,0.6288957759072933
gene_814,0.4472560527411898,0.45,0.6641025641025643,0.675,0.6,1.2205128205128204,0.675,1.7236467188588158
gene_815,1.3561654664082003,1.55,2.407692307692308,0.25,1.35,4.3358974358974365,0.5,1.6383525016510745
gene_816,1.5199704581977527,1.125,0.8814102564102564,0.25,1.025,2.589102564102564,0.5,1.4887353362178022
gene_817,0.5767510283396474,0.625,0.6506410256410257,0.575,0.85,1.0025641025641023,0.475,0.2111613873397107
gene_818,497.41850532604,498.1,430.50256410256407,0.0,481.9,5503.989743589743,0.0,0.02162572203877791
gene_819,0.9833436280028122,1.15,0.7974358974358975,0.225,1.125,2.1121794871794872,0.475,0.7799936682662665
gene_820,376.3824169194698,374.575,346.6096153846154,0.0,368.25,3378.551282051282,0.0,0.022198542081900627
gene_821,646.2826024864263,643.975,597.5121794871794,0.0,670.1,8642.348717948717,0.0,0.01775422026039564
gene_822,400.45428248858417,393.175,395.7891025641026,0.0,391.15,3747.310256410256,0.0,0.021935928457060272
gene_823,927.4617906155189,923.825,1012.404487179487,0.0,881.125,19031.39423076923,0.0,0.0233780360686034
gene_824,335.96749094685265,331.575,448.3019230769231,0.0,338.525,3310.101923076923,0.0,0.025930177131471815
gene_825,93.81493809328623,93.0,64.2051282051282,0.0,90.725,523.1788461538462,0.0,0.0525394848535408
gene_826,227.1041231553956,224.7,291.65128205128207,0.0,230.875,1444.4198717948718,0.0,0.022766801575205536
gene_827,6.196134116398363,5.95,5.638461538461539,0.0,7.25,18.346153846153847,0.05,0.21110399706906527
gene_828,3.535261086144284,3.775,4.589102564102564,0.05,3.6,8.143589743589745,0.175,0.35058562833635487
gene_829,331.5537903677014,335.475,401.07628205128213,0.0,309.7,2482.728205128205,0.0,0.02265598521685586
gene_830,38.03180988838585,37.025,31.30705128205128,0.0,37.75,118.85897435897436,0.0,0.05691608217809215
gene_831,0.5591596329597393,0.525,0.4608974358974359,0.575,0.55,0.6641025641025643,0.625,0.3771985577698039
gene_832,18.304272379571533,18.9,18.86153846153846,0.0,17.375,44.44551282051282,0.0,0.08966993532980082
gene_833,13.265130456189464,12.75,16.397435897435898,0.0,13.275,44.61474358974359,0.0,0.1778387427456464
gene_834,852.7919222630306,854.125,803.3429487179487,0.0,863.525,15307.999358974359,0.0,0.019370994218922355
gene_835,28.728302951185157,28.675,28.89166666666667,0.0,24.025,86.12756410256411,0.0,0.10759268339748683
gene_836,491.393846831379,492.225,492.89679487179495,0.0,497.05,6474.253846153847,0.0,0.024193455991107306
gene_837,0.4784277895052079,0.425,0.35320512820512817,0.625,0.55,1.330769230769231,0.7,2.5810552997956213
gene_838,3.162020384854897,3.05,3.0743589743589745,0.025,3.525,9.94807692307692,0.175,0.5169218387453346
gene_839,56.41698142619645,56.7,42.882051282051286,0.0,54.025,228.07628205128205,0.0,0.05963313967879882
gene_840,42.49593677153666,42.4,32.656410256410254,0.0,46.85,164.43846153846155,0.0,0.05357294462032622
gene_841,74.85598869446305,76.875,80.88141025641026,0.0,78.275,348.61474358974357,0.0,0.04412286911777935
gene_842,1.1095866223502886,1.45,1.023076923076923,0.175,1.05,2.5615384615384618,0.5,1.3710099411949674
gene_843,4.839987649312333,4.4,4.092307692307692,0.05,5.0,12.923076923076923,0.025,0.3169230769104
gene_844,162.65149389474882,166.6,184.4,0.0,162.575,636.4044871794872,0.0,0.01792728648446576
gene_845,0.5467053402963665,0.575,0.4044871794871795,0.5,0.5,0.46153846153846156,0.6,0.0001
gene_846,2.3324171636352404,1.975,3.4608974358974365,0.25,2.4,6.143589743589743,0.225,0.64992877481594
gene_847,16.99989993681689,16.15,13.053846153846154,0.0,17.725,50.66602564102564,0.0,0.1048490812771385
gene_848,0.8597896317300588,0.725,0.9224358974358973,0.525,1.15,1.5666666666666669,0.4,0.3150598611354307
gene_849,0.9489653994612071,0.825,0.5583333333333333,0.375,0.875,1.2916666666666667,0.5,0.5442176863640151
gene_850,47.179692670243604,48.55,44.81794871794872,0.0,49.425,273.37884615384615,0.0,0.09167800823430175
gene_851,18.94698550399422,18.675,19.609615384615385,0.0,19.275,106.05064102564101,0.0,0.2335656955705477
gene_852,3.6432601391763786,3.475,3.6403846153846153,0.05,3.525,9.94807692307692,0.1,0.5169218387453346
gene_853,94.18065130257189,93.075,105.25064102564102,0.0,97.05,252.9717948717949,0.0,0.016554487719702197
gene_854,9.202286509020405,9.125,9.240384615384615,0.0,9.2,31.651282051282053,0.0,0.2652561678995369
gene_855,0.9732682266339491,1.075,0.8916666666666666,0.3,1.2,2.1641025641025644,0.35,0.6695156690507283
gene_856,19.68830187484633,20.55,21.023076923076925,0.0,20.45,60.51025641025641,0.0,0.09579152781286727
gene_857,0.7685557238769243,0.75,0.7564102564102564,0.45,0.775,1.1019230769230772,0.525,0.5443048097877584
gene_858,938.9471896679784,937.425,841.8916666666667,0.0,968.3,23555.44615384615,0.0,0.02409026061483759
gene_859,51.93647526842585,53.275,48.56346153846154,0.0,55.875,239.95833333333334,0.0,0.05896297630902292
gene_860,1.131018853878017,0.85,0.7974358974358975,0.4,1.325,2.2249999999999996,0.35,0.5126379491562046
gene_861,32.87801975141569,32.6,29.630769230769236,0.0,31.125,113.95833333333333,0.0,0.08550399724726795
gene_862,5.858317090641704,5.925,4.7891025641025635,0.0,5.125,10.060897435897436,0.025,0.18792232949756627
gene_863,132.70187974020897,135.9,109.47692307692309,0.0,120.1,860.7589743589745,0.0,0.05134903361540398
gene_864,482.5123264477792,472.925,418.0198717948718,0.0,499.45,6361.535897435897,0.0,0.023500015188139024
gene_865,30.299444137549973,30.3,32.420512820512826,0.0,30.5,128.87179487179486,0.0,0.10574769671775235
gene_866,8.528942389361676,8.85,14.284615384615382,0.0,8.9,23.22051282051282,0.0,0.18079172857381676
gene_867,0.9003983305450024,1.325,1.2506410256410256,0.275,0.825,1.071153846153846,0.525,0.36165854294536265
gene_868,2.9463574390812113,2.95,3.2282051282051283,0.05,2.4,6.246153846153846,0.2,0.6677350426191165
gene_869,18.692918339569594,19.175,18.35320512820513,0.0,15.825,62.455769230769235,0.0,0.18620234338585004
gene_870,3.2122919297873636,3.25,2.3461538461538463,0.025,2.275,3.2814102564102567,0.25,0.19445192729685884
gene_871,2.7590834600569107,2.15,3.002564102564103,0.175,2.95,6.1000000000000005,0.15,0.3619649525582344
gene_872,7.668349948947934,8.025,4.691666666666666,0.0,8.075,18.53269230769231,0.0,0.16038021731302987
gene_873,1.6185164292674419,1.4,1.5282051282051283,0.275,1.05,1.3307692307692305,0.4,0.25466596872069336
gene_874,7.021694576703842,6.775,4.1788461538461545,0.0,6.1,10.810256410256411,0.0,0.12658576753909773
gene_875,77.21469894814004,76.025,80.23012820512821,0.0,74.875,340.3685897435897,0.0,0.04735658413322903
gene_876,130.427340252293,136.225,104.94807692307693,0.0,133.2,962.6256410256409,0.0,0.04674864284473631
gene_877,0.39662877930250845,0.325,0.2762820512820513,0.7,0.375,0.5480769230769231,0.75,1.2307692220170945
gene_878,175.27017968653797,175.075,226.9942307692308,0.0,168.5,805.2820512820513,0.0,0.022428023537480433
gene_879,206.68482762340798,206.75,164.55128205128204,0.0,202.7,1649.8564102564103,0.0,0.035221510356520845
gene_880,42.89969870031659,42.125,41.65064102564103,0.0,45.725,187.07628205128205,0.0,0.06760710253220713
gene_881,7.633772371179285,7.3,9.95897435897436,0.0,6.875,17.753205128205128,0.0,0.23015045560013178
gene_882,381.2349874500432,385.5,397.12820512820514,0.0,365.225,4857.409615384616,0.0,0.03367724843249272
gene_883,0.8116372686282742,0.825,0.5583333333333333,0.35,1.025,2.43525641025641,0.5,1.3423023523275268
gene_884,186.26453214314895,186.675,189.40448717948718,0.0,182.875,1332.3173076923076,0.0,0.034369918314227824
gene_885,139.43135003953088,141.475,134.46089743589744,0.0,144.45,604.7666666666667,0.0,0.022060817774281368
gene_886,264.39368419241606,262.55,278.3564102564103,0.0,271.8,2437.1897435897436,0.0,0.02931144106726034
gene_887,130.14673022398057,129.875,94.3173076923077,0.0,130.75,733.6282051282051,0.0,0.03526518680670319
gene_888,0.779130510096424,0.825,0.5583333333333333,0.35,0.7,0.8307692307692307,0.525,0.2668759806170506
gene_889,0.3867808287282379,0.325,0.2762820512820513,0.7,0.375,0.5480769230769231,0.75,1.2307692220170945
gene_890,126.09244869452459,126.1,114.04102564102566,0.0,127.375,463.625,0.0,0.020724969447040744
gene_891,85.98727207375524,85.175,96.71217948717948,0.0,82.3,377.75384615384615,0.0,0.04362043351957505
gene_892,23.97961713535017,24.475,28.71730769230769,0.0,23.85,70.38717948717948,0.0,0.08181318335174445
gene_893,0.8829674259704462,1.2,1.3948717948717948,0.35,0.825,1.6865384615384613,0.575,1.2658049003087701
gene_894,1.4681612694053705,1.525,1.537820512820513,0.25,1.2,2.6256410256410256,0.4,0.9900284893409702
gene_895,20.939998277513414,21.175,14.353205128205131,0.0,21.4,56.96410256410256,0.0,0.07765766128924996
gene_896,84.89374798171845,84.45,73.48461538461538,0.0,83.725,262.20448717948716,0.0,0.02546114891724084
gene_897,767.1502572815816,766.425,527.4301282051282,0.0,774.925,21275.148076923073,0.0,0.0341380918844168
gene_898,47.138602992599374,46.05,52.81794871794872,0.0,46.175,178.199358974359,0.0,0.06192132762705245
gene_899,384.11860178301725,387.5,422.9230769230769,0.0,402.875,4483.8557692307695,0.0,0.025143394598643037
gene_900,232.18229973134282,227.65,257.4641025641025,0.0,227.175,1884.4557692307692,0.0,0.03211256656193678
gene_901,0.564681271330709,0.6,0.5025641025641026,0.5,0.525,0.6660256410256411,0.625,0.5116576526584432
gene_902,132.4497393779777,132.7,137.95897435897436,0.0,141.925,823.9173076923078,0.0,0.03385802882636696
gene_903,512.2103094930812,503.5,583.0769230769231,0.0,517.8,6138.164102564102,0.0,0.020962368878299782
gene_904,405.08288548491214,407.175,372.7121794871794,0.0,397.575,3584.814743589744,0.0,0.020163995740176355
gene_905,65.69402535983377,65.025,67.40961538461539,0.0,69.975,394.89679487179495,0.0,0.0663579604611464
gene_906,27.974847239156155,28.55,37.9974358974359,0.0,24.925,56.84038461538461,0.0,0.0513723873571901
gene_907,22.05811876287516,22.425,25.63525641025641,0.0,21.65,57.82307692307692,0.0,0.07717375829621952
gene_908,37.75846042896631,36.925,52.99423076923076,0.0,35.7,155.54871794871795,0.0,0.0940366091131542
gene_909,5.021767344875096,5.275,5.7942307692307695,0.0,5.475,14.97371794871795,0.05,0.31688139774904006
gene_910,91.10400137195026,94.05,62.869230769230775,0.0,88.375,433.9326923076923,0.0,0.04424474652883066
gene_911,150.35999352776759,152.7,136.62564102564104,0.0,144.5,1057.025641025641,0.0,0.043702812036522425
gene_912,2.7926932927500636,2.75,3.217948717948718,0.125,2.75,7.012820512820513,0.175,0.5636787454223913
gene_913,3.878048665530137,3.925,4.942948717948718,0.025,4.9,14.707692307692305,0.05,0.4084836446182349
gene_914,4.208478539831883,4.5,5.333333333333333,0.025,4.4,13.066666666666666,0.05,0.44765840218073377
gene_915,97.41401296658722,95.65,91.61794871794872,0.0,95.0,311.0769230769231,0.0,0.02394204133816057
gene_916,51.73746625626524,49.95,52.869230769230775,0.0,49.575,189.5326923076923,0.0,0.05694706256132663
gene_917,24.714158453433438,24.275,29.999358974358973,0.0,23.65,78.28461538461538,0.0,0.09767998852990487
gene_918,217.3708891686441,217.225,147.97371794871796,0.0,215.325,1634.071153846154,0.0,0.03059960253777073
gene_919,0.45859644963600504,0.7,0.5743589743589743,0.425,0.4,0.40000000000000013,0.675,0.0001
gene_920,3.924663061819968,3.925,2.4301282051282054,0.0,4.3,15.343589743589742,0.075,0.5972736475388031
gene_921,914.6419146170971,913.9,1097.8871794871795,0.0,903.625,24345.983974358973,0.0,0.028709447615533963
gene_922,1.0208823391615656,1.025,1.101923076923077,0.35,1.025,1.9737179487179486,0.475,0.9030034006566998
gene_923,446.0292201413943,438.95,427.8435897435898,0.0,444.2,5353.599999999999,0.0,0.024881199292659015
gene_924,93.63123730595258,93.45,88.30512820512821,0.0,90.4,388.2974358974359,0.0,0.03645271701696974
gene_925,7.820403977158691,7.95,5.74102564102564,0.0,8.825,26.148076923076925,0.0,0.2224311492473834
gene_926,13.24193981187878,12.1,10.75897435897436,0.0,14.775,40.794230769230765,0.0,0.11918990506376964
gene_927,30.399633671147473,30.075,13.814743589743593,0.0,30.6,127.11794871794872,0.0,0.1030778212630245
gene_928,222.96485158606427,224.625,182.2403846153846,0.0,225.975,1466.2301282051283,0.0,0.02428791539018455
gene_929,8.494400825186332,8.05,8.15128205128205,0.0,7.875,29.189102564102566,0.0,0.34368923257257955
gene_930,0.574557291218418,0.5,0.358974358974359,0.55,0.45,1.0230769230769228,0.75,2.8300094827008064
gene_931,419.3819287163604,422.15,402.84871794871793,0.0,424.025,6154.127564102563,0.0,0.03186980967547827
gene_932,0.4600382126116324,0.425,0.40448717948717944,0.65,0.375,0.5480769230769231,0.75,1.2307692220170945
gene_933,160.5359609034595,160.2,177.34358974358975,0.0,165.925,1355.5070512820512,0.0,0.04320865523837849
gene_934,294.68514847380874,294.525,356.4608974358974,0.0,282.375,2464.2916666666665,0.0,0.027364383725569884
gene_935,135.21081083137938,135.4,139.52820512820514,0.0,135.925,818.8403846153847,0.0,0.03696308518792318
gene_936,3.096034836907271,2.9,1.8871794871794871,0.025,2.55,6.0487179487179485,0.175,0.538057354583605
gene_937,0.33312108070240565,0.4,0.34871794871794876,0.65,0.25,0.34615384615384615,0.8,1.5384615138461541
gene_938,22.223110804763728,22.725,24.460897435897436,0.0,21.6,63.835897435897444,0.0,0.09052618620500452
gene_939,8.442487249434889,8.525,9.178846153846154,0.0,7.6,15.68205128205128,0.0,0.13992471055940714
gene_940,6.299283311413477,6.825,6.148076923076922,0.0,6.4,13.425641025641026,0.0,0.17152443909837647
gene_941,0.4235627480665708,0.375,0.44551282051282054,0.725,0.6,0.8615384615384614,0.6,0.7264957244776824
gene_942,16.132272095016724,14.85,12.07948717948718,0.0,16.65,53.31025641025641,0.0,0.13224127338193753
gene_943,663.9100595009938,662.0,488.71794871794873,0.0,677.6,13382.246153846154,0.0,0.027670421775283796
gene_944,47.63735853064792,48.225,61.46089743589744,0.0,46.8,159.3948717948718,0.0,0.05140754976387081
gene_945,8.657997527669579,9.975,10.025,0.0,10.4,31.784615384615382,0.0,0.19771279016658344
gene_946,1.1027304535662388,0.925,0.6865384615384615,0.35,0.775,1.5634615384615382,0.525,1.3127351294881215
gene_947,83.86129841017801,84.125,86.88141025641026,0.0,82.25,297.93589743589746,0.0,0.0318823214768327
gene_948,33.11321449730621,31.475,32.05064102564102,0.0,35.225,117.5121794871795,0.0,0.06631780950877032
gene_949,517.0019551704845,519.05,443.07435897435903,0.0,522.85,5230.489743589743,0.0,0.01722062842596441
gene_950,4.732978192813559,4.725,5.896794871794873,0.0,4.225,10.025,0.075,0.32491859526907785
gene_951,8.730563122517871,8.15,9.515384615384615,0.0,7.85,22.284615384615385,0.025,0.23424261242859581
gene_952,1.2929451202326963,1.2,0.9333333333333333,0.225,1.8,3.8051282051282054,0.4,0.6188667297868328
gene_953,29.819761538056717,30.2,34.93333333333334,0.0,30.625,101.36858974358974,0.0,0.07542840055951547
gene_954,986.1780024235222,986.525,576.8711538461538,0.0,979.175,24337.686538461538,0.0,0.02436265031465164
gene_955,1.597154561087004,1.325,1.301923076923077,0.25,1.575,5.2250000000000005,0.45,1.4714033755721228
gene_956,0.9296990578801253,0.975,0.9993589743589743,0.375,0.725,0.7173076923076923,0.525,0.0001
gene_957,0.9811727596912255,1.05,0.8692307692307691,0.3,0.8,1.394871794871795,0.55,0.9294871780348558
gene_958,4.361745169752053,4.65,4.130769230769231,0.0,4.375,13.112179487179487,0.05,0.4564730507349167
gene_959,471.4353773445909,469.025,366.2814102564102,0.0,455.375,5873.522435897436,0.0,0.026128377986264665
gene_960,4.555225150124113,4.55,3.0230769230769234,0.0,5.125,27.80448717948718,0.125,0.8634664957953109
gene_961,12.843980365649173,12.475,15.178846153846154,0.0,12.325,33.35320512820513,0.0,0.13842940396754042
gene_962,639.4837858418811,636.075,353.76346153846157,0.0,670.5,9833.692307692309,0.0,0.02038211449198938
gene_963,6.85289434830098,6.825,7.071153846153847,0.0,7.025,20.383974358974356,0.05,0.2706951403088342
gene_964,9.423465863997507,9.15,9.61794871794872,0.0,11.25,75.26923076923077,0.0,0.5058309591602959
gene_965,642.117326350946,633.9,479.3230769230769,0.0,655.075,8576.583974358975,0.0,0.01845975222857967
gene_966,3.0083721053087404,3.3,2.2666666666666666,0.025,2.725,6.153205128205128,0.125,0.46167226701367975
gene_967,1.4399500881353466,1.55,1.5871794871794873,0.25,1.8,4.061538461538461,0.25,0.6980056977902641
gene_968,112.38457882724732,112.15,111.82307692307693,0.0,110.45,701.4846153846155,0.0,0.048448627308593895
gene_969,8.821651590780526,9.025,6.43525641025641,0.0,9.5,28.46153846153846,0.0,0.2101001491559929
gene_970,33.41496540200704,33.45,39.792307692307695,0.0,36.325,117.96858974358976,0.0,0.061874377946306874
gene_971,713.4376778251626,712.575,799.6865384615384,0.0,738.525,14114.56346153846,0.0,0.024524327451836896
gene_972,145.52177006491917,146.425,124.96858974358973,0.0,137.825,858.404487179487,0.0,0.037933760032957356
gene_973,12.323318026963411,12.85,9.720512820512822,0.0,12.4,44.86153846153846,0.0,0.21111822620530268
gene_974,0.995910371891014,0.9,0.7076923076923077,0.375,0.775,1.101923076923077,0.5,0.544304809787758
gene_975,285.64500208108944,286.5,239.3846153846154,0.0,290.475,2916.1019230769234,0.0,0.03111827369338718
gene_976,37.573745545047494,36.875,40.11217948717949,0.0,35.65,161.46410256410257,0.0,0.09899431520332953
gene_977,0.6363947063379758,0.65,0.6435897435897436,0.525,0.625,1.266025641025641,0.675,1.6410256368246152
gene_978,781.9661271488474,779.275,906.7173076923076,0.0,807.2,19435.548717948717,0.0,0.028589861584485732
gene_979,7.165179700543556,7.125,4.983974358974359,0.0,7.625,20.958333333333332,0.0,0.22932903341001243
gene_980,0.42183318460872826,0.4,0.34871794871794876,0.65,0.475,0.5634615384615385,0.65,0.3920732989228374
gene_981,639.8654149801037,637.95,660.1,0.0,620.7,16154.728205128204,0.0,0.04032000697780439
gene_982,44.47686077488619,44.625,34.342948717948715,0.0,42.275,199.99935897435898,0.0,0.08825341884028366
gene_983,12.2948234652446,11.85,9.25897435897436,0.0,11.3,26.112820512820512,0.0,0.11600611255935864
gene_984,12.684907062212673,12.45,15.587179487179489,0.0,11.15,18.387179487179484,0.0,0.05821295008643866
gene_985,690.882603301832,694.675,726.9429487179488,0.0,691.875,12525.90705128205,0.0,0.02472165063685391
gene_986,3.5511688094176623,3.8,4.2153846153846155,0.0,2.625,5.214743589743589,0.225,0.3758358043526899
gene_987,5.568697787648136,5.125,5.137820512820513,0.0,4.825,13.17371794871795,0.05,0.3586122773061006
gene_988,1.0670530280476689,1.3,1.6512820512820514,0.275,1.175,1.9942307692307697,0.425,0.593376745051982
gene_989,2.0782417476009343,1.9,2.2974358974358973,0.125,1.8,3.241025641025641,0.3,0.44476100017928394
gene_990,0.46013542565652527,0.475,0.46089743589743587,0.625,0.7,1.7025641025641027,0.675,2.046049184730722
gene_991,5.246262692632294,4.825,3.1224358974358974,0.0,5.4,18.143589743589743,0.025,0.43702296787217826
gene_992,177.7801529421792,176.65,137.36153846153846,0.0,173.675,954.9429487179485,0.0,0.02590152846274657
gene_993,13.176537478309655,12.875,7.548076923076923,0.0,11.775,32.383974358974356,0.0,0.14863960662871673
gene_994,18.809321304310032,18.45,20.971794871794867,0.0,19.0,54.666666666666664,0.0,0.09879963065531265
gene_995,70.49795788407859,72.075,59.25064102564103,0.0,76.575,379.6865384615385,0.0,0.05169260967909602
gene_996,11.26026506449009,10.95,10.356410256410255,0.0,11.9,26.810256410256407,0.0,0.10529098517160593
gene_997,1.6273637915961876,1.575,2.763461538461538,0.3,1.825,3.891666666666666,0.325,0.6205041594433964
gene_998,415.0469452622153,415.475,455.025,0.0,413.775,3589.871153846154,0.0,0.01855090695624413
gene_999,53.141899704400224,53.0,46.41025641025641,0.0,52.65,219.41282051282053,0.0,0.06015925935404939
gene_1000,316.17144042641024,316.75,356.29487179487177,0.0,312.95,2592.971794871795,0.0,0.02328032756202109
gene_1001,38.494442446731405,37.8,38.01025641025641,0.0,40.325,236.7891025641026,0.0,0.12081878295204947
gene_1002,15.40132201958698,16.725,14.050641025641026,0.0,15.2,41.343589743589746,0.0,0.11315611904205589
gene_1003,390.21211571613037,389.125,356.3173076923077,0.0,380.95,3192.4076923076927,0.0,0.019372942822086084
gene_1004,0.3617118297479919,0.375,0.3942307692307692,0.7,0.425,0.507051282051282,0.675,0.45426315071013923
gene_1005,614.2934498064401,607.875,465.24038461538464,0.0,609.375,7021.727564102564,0.0,0.017268242013520074
gene_1006,1.2930668607616689,1.075,0.7378205128205128,0.275,1.55,4.202564102564102,0.4,1.1040849537814845
gene_1007,0.6087708362630359,0.6,0.5025641025641026,0.525,0.6,0.8102564102564103,0.6,0.5840455824232352
gene_1008,2.71047414509727,2.75,3.3205128205128207,0.075,2.5,6.9743589743589745,0.225,0.7158974357828923
gene_1009,80.21951972370616,80.975,81.40961538461538,0.0,79.125,384.41987179487177,0.0,0.048763184901179396
gene_1010,54.79002399539725,55.85,81.41282051282052,0.0,51.775,200.1275641025641,0.0,0.05534199896061008
gene_1011,382.5951280948709,385.775,257.3583333333333,0.0,373.275,3697.6403846153853,0.0,0.023858928915013747
gene_1012,0.7426102188496527,0.5,0.46153846153846156,0.6,0.9,1.169230769230769,0.425,0.3323836653066486
gene_1013,1.1966245584133066,1.3,1.3948717948717948,0.3,1.1,2.092307692307693,0.525,0.8200890012294244
gene_1014,0.4819707747111367,0.45,0.40769230769230763,0.6,0.575,0.6096153846153846,0.575,0.10469681515519937
gene_1015,480.86301687096596,472.65,634.2333333333333,0.0,458.025,3740.691666666666,0.0,0.015647624598518237
gene_1016,17.330359640530727,17.45,14.151282051282054,0.0,17.05,39.89487179487179,0.0,0.07858505446218454
gene_1017,3.8605489909652326,4.0,5.076923076923077,0.0,4.475,11.38397435897436,0.075,0.3450066781251199
gene_1018,1.2123747484703737,1.1,0.6564102564102564,0.225,1.175,4.199358974358974,0.525,2.1905723655361893
gene_1019,801.1625922404601,806.725,783.1275641025641,0.0,819.45,19273.68974358974,0.0,0.02748218375963759
gene_1020,38.41988828001586,40.35,29.0025641025641,0.0,40.3,126.01025641025642,0.0,0.05277432679851712
gene_1021,43.91281739519933,43.8,48.676923076923075,0.0,42.1,96.34871794871796,0.0,0.03060731881939695
gene_1022,78.292861964939,79.075,98.1224358974359,0.0,78.5,340.35897435897436,0.0,0.0424940523930272
gene_1023,0.5591550281694664,0.575,0.7634615384615382,0.6,0.6,1.2717948717948717,0.725,1.8660968609132635
gene_1024,141.73060691173444,140.825,153.0198717948718,0.0,147.4,784.6564102564103,0.0,0.02933048509102972
gene_1025,3.9371324354876336,4.425,4.660897435897435,0.0,4.0,12.102564102564102,0.15,0.5064102563786057
gene_1026,51.109924902780875,52.175,49.0198717948718,0.0,51.25,184.96153846153845,0.0,0.050907426897889366
gene_1027,0.8161120547485385,0.725,0.6660256410256409,0.425,0.6,1.2205128205128204,0.675,1.7236467188588158
gene_1028,155.01362883007144,155.4,119.83589743589745,0.0,150.1,1056.5538461538463,0.0,0.040233175491435916
gene_1029,750.7499072095256,755.825,575.327564102564,0.0,751.175,14787.73782051282,0.0,0.024875883965788083
gene_1030,11.810027824904227,11.85,11.515384615384615,0.0,11.575,40.50705128205128,0.025,0.21594205342627223
gene_1031,50.4643241353469,49.45,46.15128205128205,0.0,50.1,260.19487179487174,0.0,0.08370280269592074
gene_1032,1.1283663983259067,0.975,1.101923076923077,0.425,1.275,2.871153846153846,0.475,0.9818708774606538
gene_1033,257.78488988864024,259.05,199.84358974358975,0.0,247.05,1302.253846153846,0.0,0.017288871605877568
gene_1034,20.06254492466846,19.85,12.592307692307694,0.0,20.625,42.08653846153846,0.0,0.050451366814884574
gene_1035,31.599134602574914,31.375,29.21474358974359,0.0,28.625,105.16346153846153,0.0,0.09340900323135638
gene_1036,1.9868095187633912,1.825,1.5326923076923076,0.1,2.625,6.753205128205129,0.225,0.5991045990176542
gene_1037,2.3853560751756517,2.75,2.7564102564102564,0.075,3.075,6.430128205128205,0.125,0.35482881404173444
gene_1038,0.8958767349237431,0.725,0.7685897435897434,0.5,1.0,1.9487179487179487,0.575,0.9487179477692307
gene_1039,23.192273899807574,23.4,27.374358974358973,0.0,21.75,105.52564102564102,0.0,0.17709212001683483
gene_1040,61.56090103025301,63.2,77.29230769230769,0.0,59.5,302.2564102564103,0.0,0.06857041459115647
gene_1041,24.737921368164127,23.775,18.84551282051282,0.0,23.975,99.97371794871796,0.0,0.13221752837966336
gene_1042,80.56008316516193,75.95,58.97179487179488,0.0,79.725,288.5634615384615,0.0,0.03285650987490078
gene_1043,318.4942493610285,322.375,349.26602564102564,0.0,315.3,2499.087179487179,0.0,0.021966576161257995
gene_1044,79.42201946971835,80.025,69.8198717948718,0.0,80.6,260.24615384615385,0.0,0.027653355701673894
gene_1045,19.2790183890821,18.65,25.823076923076922,0.0,20.65,65.36153846153846,0.0,0.10485267184877349
gene_1046,200.96265568489005,200.7,122.21538461538464,0.0,197.05,1354.8179487179486,0.0,0.029817322603502363
gene_1047,0.33071633232597025,0.3,0.3692307692307692,0.75,0.175,0.14807692307692305,0.825,0.0001
gene_1048,3.553440788571288,3.35,3.207692307692308,0.025,4.125,14.21474358974359,0.05,0.592969320207199
gene_1049,679.1740842874599,676.975,494.12756410256407,0.0,654.575,11387.327564102565,0.0,0.025049109332155102
gene_1050,36.45315697688153,34.85,54.38717948717949,0.0,36.6,123.16923076923078,0.0,0.06462512374896694
gene_1051,239.53345827412247,236.05,251.38205128205132,0.0,251.475,1531.2301282051283,0.0,0.020236585902081914
gene_1052,11.984848685043278,12.2,10.266666666666666,0.0,10.475,22.871153846153845,0.0,0.11297410104559324
gene_1053,776.8195775563412,780.675,644.9942307692309,0.0,790.8,15090.779487179489,0.0,0.022866626240939155
gene_1054,320.0299667398311,327.225,372.43525641025644,0.0,316.9,2104.8102564102564,0.0,0.017803329812089156
gene_1055,1.415290805569709,1.375,1.060897435897436,0.25,1.55,4.510256410256411,0.45,1.2321566738914689
gene_1056,2.3083618235977,2.35,2.079487179487179,0.1,2.575,5.99423076923077,0.15,0.515672469596018
gene_1057,4.429316939639493,4.35,3.4641025641025647,0.0,4.625,10.701923076923077,0.05,0.28409282462008395
gene_1058,50.66769092863544,48.8,43.54871794871795,0.0,48.275,118.51217948717947,0.0,0.030138560014825014
gene_1059,5.176996082818544,6.15,5.515384615384616,0.0,5.55,13.9974358974359,0.1,0.2742451391011007
gene_1060,5.319977373479514,5.225,4.8455128205128215,0.0,5.55,16.2025641025641,0.025,0.34583439987722636
gene_1061,0.9034151652771166,1.025,1.0506410256410257,0.4,0.85,0.9512820512820511,0.5,0.14018276974653066
gene_1062,2.688522482792106,2.55,3.5871794871794873,0.05,2.2,3.241025641025641,0.2,0.2150879423162299
gene_1063,1.0597776132053016,1.125,0.8301282051282052,0.275,0.975,1.3070512820512818,0.475,0.3492978637233231
gene_1064,9.213375053096716,8.75,8.85897435897436,0.0,10.025,31.66602564102565,0.0,0.21533224933487044
gene_1065,38.68953871429638,39.375,46.65064102564103,0.0,39.325,147.96858974358975,0.0,0.07025328628069717
gene_1066,11.45330829121329,11.775,9.050641025641026,0.0,11.125,24.932692307692307,0.0,0.111563225310588
gene_1067,353.29737508291225,354.55,268.09999999999997,0.0,357.95,3821.2794871794877,0.0,0.027030188667319054
gene_1068,800.6679557066191,801.75,844.4487179487179,0.0,808.325,15724.891666666666,0.0,0.022829523743732212
gene_1069,261.8376600832049,260.775,216.28141025641023,0.0,258.25,1358.7564102564102,0.0,0.01650106276430766
gene_1070,8.603380506411742,8.6,6.605128205128206,0.0,8.85,30.387179487179484,0.025,0.27498074610622114
gene_1071,5.5380510866237485,5.65,4.9512820512820515,0.025,5.475,12.66602564102564,0.075,0.23989577000598808
gene_1072,53.25496079418269,53.95,44.97179487179488,0.0,49.475,251.99935897435898,0.0,0.08273812227960078
gene_1073,48.10743099640962,47.775,57.71730769230769,0.0,47.95,155.84358974358975,0.0,0.04692652767363588
gene_1074,50.437894894244515,51.625,54.291666666666664,0.0,48.5,180.30769230769232,0.0,0.05603472943251622
gene_1075,3.135984024314408,3.3,4.061538461538461,0.025,3.025,7.666025641025642,0.15,0.5071812734669447
gene_1076,4.476995970654658,4.15,5.361538461538461,0.0,4.65,15.771794871794873,0.1,0.5143621168357271
gene_1077,238.69841593173723,238.725,179.79423076923075,0.0,238.125,1559.9070512820513,0.0,0.023310407418535226
gene_1078,78.86877913846152,78.65,85.20769230769231,0.0,77.575,356.199358974359,0.0,0.046299416079612354
gene_1079,1.4735766788210691,1.35,1.412820512820513,0.275,1.275,1.794230769230769,0.375,0.31940377941491144
gene_1080,161.88944847861586,161.775,113.30705128205129,0.0,165.825,1275.7891025641027,0.0,0.04036536849630889
gene_1081,20.511976210583473,21.775,16.127564102564104,0.0,20.2,46.16410256410256,0.0,0.06363126792480868
gene_1082,126.45598243805452,125.925,110.7378205128205,0.0,122.825,699.0198717948718,0.0,0.038194061501045685
gene_1083,11.706757009225147,12.2,15.343589743589742,0.0,10.45,30.202564102564104,0.0,0.18088014562288615
gene_1084,1.6948049166622146,1.175,1.019871794871795,0.3,1.8,5.958974358974359,0.4,1.2836340610156558
gene_1085,76.4118623735946,75.25,100.03846153846153,0.0,80.15,346.84871794871793,0.0,0.0415158443091811
gene_1086,253.3264850562432,257.825,293.6865384615385,0.0,245.6,1938.9128205128206,0.0,0.02807245999481415
gene_1087,21.91460830309022,20.65,18.233333333333334,0.0,19.1,52.55384615384615,0.0,0.09170210836806679
gene_1088,395.36687707277684,397.875,245.49679487179486,0.0,397.625,2826.548076923077,0.0,0.015362659215201937
gene_1089,855.5585956917795,856.525,1211.7429487179486,0.0,875.9,20178.09230769231,0.0,0.02515924391124181
gene_1090,49.90052143096315,49.7,34.52307692307693,0.0,48.275,224.10192307692304,0.0,0.07544679772260977
gene_1091,220.03668615210066,221.55,200.4076923076923,0.0,221.05,1360.202564102564,0.0,0.023313144393615627
gene_1092,351.6425932314058,345.05,233.48461538461538,0.0,345.85,2803.925641025641,0.0,0.020550371773466716
gene_1093,584.135363635146,585.85,939.5153846153847,0.0,567.95,8490.048717948719,0.0,0.024559529476493175
gene_1094,19.108151347036177,18.6,27.938461538461535,0.0,21.325,86.94294871794872,0.0,0.144292769809729
gene_1095,336.2482093489587,337.575,219.0198717948718,0.0,332.35,4289.156410256411,0.0,0.035822297504037155
gene_1096,3.852521842691081,3.525,3.9480769230769237,0.05,4.325,9.507051282051282,0.075,0.2770317100751378
gene_1097,0.9528731615931859,1.15,1.1051282051282052,0.325,0.775,0.7429487179487181,0.45,0.0001
gene_1098,349.7754973943226,356.175,215.8403846153846,0.0,350.7,3433.958974358974,0.0,0.02506908440123256
gene_1099,7.157424509867552,6.95,7.792307692307692,0.025,6.175,12.148076923076925,0.025,0.15664775814506787
gene_1100,10.347681579386748,10.525,10.512179487179488,0.0,10.3,29.08717948717949,0.025,0.17708718528610046
gene_1101,4.304529048135078,4.25,4.243589743589744,0.025,3.725,9.435256410256411,0.175,0.4115314740665649
gene_1102,461.9052589792675,463.45,497.7923076923077,0.0,493.05,4447.382051282052,0.0,0.016266391046815456
gene_1103,0.35416162570299853,0.3,0.2666666666666666,0.725,0.3,0.31794871794871793,0.75,0.19943019721430827
gene_1104,17.662007958418233,18.45,14.715384615384618,0.0,17.2,55.3948717948718,0.0,0.12910651634242395
gene_1105,16.738436752047786,17.375,10.189102564102564,0.0,16.45,70.20256410256411,0.0,0.198640308579431
gene_1106,857.3228544564976,863.375,720.8557692307693,0.0,827.45,14299.58717948718,0.0,0.0196767322384981
gene_1107,466.38093613943636,465.825,264.4044871794872,0.0,465.825,3264.6096153846156,0.0,0.012898045145172819
gene_1108,138.1025630843481,137.85,144.7974358974359,0.0,133.525,517.0762820512821,0.0,0.021512865672255594
gene_1109,3.0336913185871226,3.025,2.3326923076923074,0.05,3.475,11.896794871794873,0.175,0.6974210337847897
gene_1110,136.45812700784805,133.65,156.33589743589744,0.0,141.9,921.0153846153846,0.0,0.03869340857393175
gene_1111,9.60811857584226,9.0,12.256410256410257,0.0,10.675,37.045512820512826,0.0,0.23141036539689386
gene_1112,3.0450633042831408,2.925,2.9942307692307693,0.0,3.4,7.630769230769231,0.1,0.3659834974397274
gene_1113,39.36516770319184,39.85,26.489743589743586,0.0,40.65,176.84871794871793,0.0,0.08242366461884627
gene_1114,421.43489823606495,414.425,418.25064102564096,0.0,410.35,3935.925641025641,0.0,0.020937323405034253
gene_1115,20.561791837175527,20.25,27.67948717948718,0.0,19.875,71.54807692307692,0.0,0.13081274170596696
gene_1116,217.72202147504984,217.5,239.48717948717947,0.0,212.875,1150.676282051282,0.0,0.020694812701871047
gene_1117,20.670280267037732,19.825,19.789102564102567,0.0,22.2,86.93333333333335,0.0,0.13134756377972975
gene_1118,2.16102233462781,2.2,1.9589743589743591,0.075,2.275,6.050641025641026,0.25,0.7295043641901262
gene_1119,203.0211109505468,203.35,167.00256410256412,0.0,195.85,2427.1564102564103,0.0,0.058171740935005205
gene_1120,674.394289649173,677.7,695.2923076923078,0.0,659.7,12545.548717948719,0.0,0.027310976599389702
gene_1121,19.46358408483492,19.25,28.141025641025642,0.0,18.3,69.54871794871794,0.0,0.1530314967558449
gene_1122,0.3305188594968204,0.4,0.4,0.675,0.275,0.3583333333333334,0.8,1.101928360084694
gene_1123,34.811662583441304,34.05,29.023076923076925,0.0,37.4,93.98974358974358,0.0,0.04045707883389797
gene_1124,0.3211591831241669,0.325,0.225,0.675,0.225,0.28141025641025647,0.825,1.1142766478218233
gene_1125,0.4074526757933475,0.5,0.358974358974359,0.55,0.625,1.1634615384615385,0.625,1.378461534932677
gene_1126,75.3523138560877,76.2,72.06153846153845,0.0,76.075,285.35320512820505,0.0,0.03616097068160293
gene_1127,4.671596995149184,4.725,3.383974358974359,0.0,4.575,7.58397435897436,0.025,0.1437594127662504
gene_1128,4.789564779147521,4.45,4.151282051282052,0.0,3.925,9.301923076923076,0.05,0.34902336494456104
gene_1129,50.15759502589404,49.525,75.2301282051282,0.0,49.375,181.47115384615384,0.0,0.054184610454416776
gene_1130,0.4852441996727801,0.575,0.6096153846153846,0.55,0.4,1.0153846153846153,0.8,3.8461538221153835
gene_1131,974.8153346016186,964.55,1015.8435897435896,0.0,965.975,23448.999358974357,0.0,0.024094779567155104
gene_1132,1.0255943010522346,0.7,0.6769230769230768,0.5,0.825,1.9429487179487177,0.55,1.6425325492101897
gene_1133,158.26374090460246,159.9,140.81025641025641,0.0,158.725,864.4608974358974,0.0,0.028012478550747278
gene_1134,451.6415695555178,447.975,397.6660256410256,0.0,422.6,4154.041025641025,0.0,0.02089380786352555
gene_1135,62.98114959036944,62.5,47.07692307692308,0.0,63.95,292.5615384615384,0.0,0.055900674567144974
gene_1136,56.24645118938607,54.8,31.189743589743593,0.0,58.5,252.15384615384616,0.0,0.05658670352948779
gene_1137,444.6153780481362,446.475,290.8711538461538,0.0,430.45,4944.151282051282,0.0,0.02436056684514549
gene_1138,0.8590017438716575,0.85,0.7461538461538461,0.4,0.625,1.060897435897436,0.625,1.1158974330407383
gene_1139,64.81196454861092,62.05,83.22820512820513,0.0,65.9,302.91282051282053,0.0,0.05457591294870508
gene_1140,7.390752144233776,7.4,9.57948717948718,0.0,7.125,20.932692307692307,0.0,0.2719890143659281
gene_1141,132.3529189448168,132.025,181.8198717948718,0.0,139.45,803.2282051282052,0.0,0.03413390309690858
gene_1142,23.5327175042909,23.25,19.012820512820515,0.0,21.75,38.65384615384615,0.0,0.03573279673153214
gene_1143,22.81553728994797,21.9,15.32307692307692,0.0,23.325,107.19935897435896,0.0,0.1541650432788096
gene_1144,470.443042194523,468.625,380.7019230769231,0.0,451.075,5260.173717948717,0.0,0.02363557523480194
gene_1145,1.6321848405242745,1.9,2.5025641025641026,0.2,1.6,3.4769230769230774,0.375,0.7331730766366812
gene_1146,205.76991903179285,204.8,190.0102564102564,0.0,197.5,1243.4358974358975,0.0,0.02681457195797778
gene_1147,0.9052887552954607,0.7,0.5743589743589743,0.45,0.65,1.0025641025641023,0.575,0.8344712466973515
gene_1148,35.93158260457438,36.475,33.69166666666667,0.0,36.1,91.57948717948717,0.0,0.04257140996419963
gene_1149,2.2714534572126,2.175,1.7378205128205129,0.075,2.6,6.75897435897436,0.25,0.6152328932483916
gene_1150,1.4003895112926434,1.1,0.7076923076923076,0.25,1.925,4.2250000000000005,0.275,0.6206780231079299
gene_1151,979.2144703213481,981.7,1040.523076923077,0.0,972.7,24414.93333333333,0.0,0.024776568230163998
gene_1152,24.286977223908547,25.025,25.101923076923075,0.0,23.55,80.20256410256411,0.0,0.10214985345803879
gene_1153,352.72170319776797,350.625,267.83012820512823,0.0,342.45,3840.7153846153847,0.0,0.029830354304859384
gene_1154,108.76365764532632,109.525,121.025,0.0,105.525,410.2044871794872,0.0,0.02736103327672597
gene_1155,138.5151378799489,137.45,152.45897435897436,0.0,141.025,1322.8455128205126,0.0,0.059423647651764416
gene_1156,61.5767220523118,62.95,54.92051282051281,0.0,59.85,230.2333333333333,0.0,0.04756623760271906
gene_1157,7.1590263696804595,7.025,7.3583333333333325,0.0,7.675,23.763461538461534,0.0,0.27312266932382795
gene_1158,2.605125843834763,2.8,2.77948717948718,0.075,2.6,5.989743589743591,0.175,0.5014413593553475
gene_1159,9.23948440563701,9.175,9.840384615384615,0.0,9.6,36.81025641025641,0.0,0.29525017805947434
gene_1160,32.837671273872274,32.2,27.7025641025641,0.0,32.7,112.62564102564102,0.0,0.07474645888913789
gene_1161,320.0378588693595,322.775,272.79423076923075,0.0,336.85,2689.1051282051285,0.0,0.020730573684427045
gene_1162,373.0138684294399,369.325,330.9942307692308,0.0,358.15,4261.1051282051285,0.0,0.03042731617173029
gene_1163,7.873803364624306,7.45,5.074358974358974,0.0,7.65,20.54102564102564,0.0,0.22027469162809798
gene_1164,0.3410761679158245,0.275,0.25576923076923075,0.75,0.225,0.23012820512820517,0.8,0.10129787707471187
gene_1165,8.58874657164107,9.4,9.323076923076924,0.0,8.675,21.660897435897432,0.0,0.17255716679949004
gene_1166,24.05191418284236,22.15,16.54102564102564,0.0,23.3,49.13846153846154,0.0,0.04759428528507423
gene_1167,17.93349188007712,17.55,15.17692307692308,0.0,17.075,56.327564102564104,0.0,0.1346314759059424
gene_1168,0.6610617710922752,0.575,0.8147435897435897,0.65,0.725,0.8198717948717947,0.5,0.18049330737940825
gene_1169,340.5179576665604,340.75,384.70512820512823,0.0,339.45,4138.1,0.0,0.032966865356110577
gene_1170,66.47982945299509,69.35,60.74615384615385,0.0,66.875,272.98397435897436,0.0,0.04608603147513812
gene_1171,472.98219320582865,470.975,533.1019230769231,0.0,471.45,7522.1,0.0,0.031721803921063
gene_1172,27.41556581116399,27.125,27.08653846153846,0.0,26.225,73.81987179487179,0.0,0.06920367654308213
gene_1173,153.52690389195462,150.6,157.78461538461536,0.0,150.55,818.7666666666665,0.0,0.029481921393576672
gene_1174,0.9191219499376118,0.95,1.1256410256410259,0.45,0.825,1.430128205128205,0.5,0.8890772514073503
gene_1175,5.562074172369641,5.05,4.458974358974358,0.0,5.15,22.84871794871795,0.175,0.6673095653897874
gene_1176,0.5005993915445577,0.5,0.5128205128205128,0.625,0.65,0.9,0.6,0.5917159749308497
gene_1177,32.519810553314656,33.775,41.10192307692307,0.0,35.675,114.12243589743589,0.0,0.061638319463995665
gene_1178,48.50093641067245,47.25,43.06410256410256,0.0,47.325,137.19935897435897,0.0,0.04012865101719325
gene_1179,4.388915564359528,4.5,3.58974358974359,0.0,4.425,12.404487179487178,0.1,0.40751953418645526
gene_1180,5.784644508007771,5.8,4.728205128205128,0.0,5.075,22.99423076923077,0.1,0.695740474887914
gene_1181,9.184410157135574,9.425,7.430128205128205,0.0,9.05,34.97179487179488,0.0,0.3164957708431168
gene_1182,1.7885888835300077,1.5,1.6923076923076923,0.225,2.0,5.384615384615385,0.35,0.8461538459423078
gene_1183,163.04452563270493,164.05,233.58717948717953,0.0,164.525,1274.6660256410255,0.0,0.04101232152931716
gene_1184,17.370447726181947,17.725,18.61474358974359,0.0,15.725,42.66602564102564,0.0,0.10895140045007141
gene_1185,3.3939078830925444,3.3,3.497435897435897,0.025,2.75,7.576923076923077,0.25,0.6382708200046024
gene_1186,195.4714997984695,197.675,174.8403846153846,0.0,183.175,1037.7891025641024,0.0,0.02547051080392643
gene_1187,469.82254815278094,471.4,492.4,0.0,489.3,5535.8564102564105,0.0,0.021078742603492334
gene_1188,84.24761313567197,84.225,94.53782051282052,0.0,80.725,421.48653846153854,0.0,0.05229190493077916
gene_1189,5.238627472471918,5.275,3.8967948717948717,0.0,5.625,17.625,0.0,0.3792592592472728
gene_1190,43.1242607306816,44.025,52.48653846153847,0.0,46.725,180.97371794871796,0.0,0.06149099589679673
gene_1191,5.366979029729317,6.0,4.923076923076923,0.0,5.05,10.715384615384615,0.05,0.22215016626458053
gene_1192,48.774752132652665,47.85,34.233333333333334,0.0,48.55,144.9205128205128,0.0,0.04088515998793941
gene_1193,2.589056074654538,2.8,2.5230769230769234,0.075,2.0,3.230769230769231,0.175,0.30769230761538463
gene_1194,1.2591705880776547,1.2,1.0871794871794873,0.3,1.175,3.8916666666666675,0.525,1.967707860352347
gene_1195,31.047013338537504,30.65,35.310256410256414,0.0,32.05,128.45897435897436,0.0,0.09385586031856476
gene_1196,6.869896843026649,6.875,8.317307692307692,0.0,6.225,10.999358974358975,0.025,0.12320727663710634
gene_1197,0.6553878707970098,0.875,0.9326923076923077,0.425,0.675,0.6352564102564103,0.5,0.0001
gene_1198,5.754273067181808,5.55,6.561538461538461,0.0,5.8,19.805128205128206,0.075,0.41632366839214874
gene_1199,50.986547090487385,51.525,46.15320512820512,0.0,53.05,181.27948717948718,0.0,0.04556350540833533
gene_1200,395.8274656528926,399.875,343.5480769230769,0.0,404.0,3453.1794871794873,0.0,0.01868186628259159
gene_1201,492.27012971416343,491.0,515.3846153846154,0.0,488.325,6977.8147435897445,0.0,0.027214015819384024
gene_1202,323.4920777284439,326.5,308.56410256410254,0.0,312.4,3195.271794871795,0.0,0.02953950944068315
gene_1203,838.0642704698355,836.275,781.3326923076922,0.0,868.625,16064.291666666666,0.0,0.020139797934230177
gene_1204,3.2731188507170503,3.7,5.138461538461538,0.05,3.575,9.17371794871795,0.125,0.4380629232357484
gene_1205,648.3306590988074,643.1,819.1179487179488,0.0,676.725,12814.56346153846,0.0,0.02650433497831749
gene_1206,13.417277859053064,13.25,12.14102564102564,0.0,12.575,32.455769230769235,0.0,0.12572371247279593
gene_1207,5.612935511584003,5.6,5.015384615384615,0.0,6.025,12.691666666666666,0.05,0.1836515670593279
gene_1208,6.174178623219353,6.3,7.4461538461538455,0.025,5.75,9.474358974358974,0.0,0.11264601812465266
gene_1209,771.6352563202265,776.125,1002.0608974358975,0.0,804.3,14183.6,0.0,0.020682224810881816
gene_1210,936.8191229472842,939.325,968.0711538461538,0.0,913.025,25563.153205128205,0.0,0.02957017152547261
gene_1211,785.5851208695877,781.7,643.8051282051282,0.0,814.05,17387.023076923073,0.0,0.02500911154416956
gene_1212,176.40698760743848,174.375,155.57371794871796,0.0,178.975,1421.050641025641,0.0,0.03877602641075379
gene_1213,0.32701690033481945,0.35,0.48974358974358967,0.75,0.425,0.5583333333333333,0.7,0.7381776199039765
gene_1214,2.79812846233611,2.85,3.5153846153846158,0.075,2.7,10.112820512820516,0.3,1.0168478068317788
gene_1215,16.888270099614132,18.075,18.019871794871797,0.0,16.5,48.82051282051282,0.0,0.11871630053404629
gene_1216,5.259324998161098,5.75,6.961538461538462,0.0,5.625,11.573717948717949,0.0,0.18800886355847712
gene_1217,2.751928322474154,2.975,2.6403846153846158,0.05,2.3,5.241025641025641,0.25,0.5559594783496564
gene_1218,612.0478671372973,615.125,500.47115384615387,0.0,612.3,10449.394871794872,0.0,0.026238459961541432
gene_1219,9.071258931014183,9.0,7.6923076923076925,0.0,8.15,25.053846153846155,0.0,0.2544897610537342
gene_1220,4.262487874433964,4.375,2.753205128205128,0.0,4.15,13.66923076923077,0.1,0.5527206136552792
gene_1221,57.03980986275579,58.375,64.80448717948718,0.0,55.25,408.7564102564103,0.0,0.11580644466945213
gene_1222,4.466748232697757,4.85,5.361538461538462,0.025,4.4,19.733333333333338,0.15,0.792011019242837
gene_1223,479.70858301702583,485.375,419.41987179487177,0.0,480.375,5260.701923076923,0.0,0.020715565999091842
gene_1224,53.1319959319527,53.75,51.833333333333336,0.0,52.5,226.56410256410257,0.0,0.06315250886677166
gene_1225,4.804419545342113,4.45,4.356410256410256,0.025,5.1,12.194871794871792,0.05,0.27277477103417985
gene_1226,0.5169741861149232,0.575,0.507051282051282,0.525,0.675,1.4044871794871796,0.675,1.6010692518762364
gene_1227,0.7755472382163561,0.7,0.7794871794871794,0.5,0.8,1.394871794871795,0.6,0.9294871780348558
gene_1228,54.48283118731761,55.5,50.256410256410255,0.0,57.95,270.9717948717948,0.0,0.0634332786279956
gene_1229,215.43936427177857,220.875,235.70192307692307,0.0,215.7,2960.984615384615,0.0,0.059004765143137954
gene_1230,13.858202932559148,13.725,11.845512820512822,0.0,12.35,36.33589743589744,0.0,0.15726137085177713
gene_1231,0.47157047005974423,0.5,0.46153846153846156,0.6,0.425,0.5583333333333333,0.7,0.7381776199039765
gene_1232,20.19563751608883,20.25,17.26923076923077,0.0,22.8,69.90769230769232,0.0,0.09061959892967393
gene_1233,2.514828302396922,2.425,3.1224358974358974,0.125,2.575,6.301923076923078,0.2,0.5620771912694504
gene_1234,7.870132174424354,7.8,7.5487179487179485,0.0,7.95,17.125641025641023,0.0,0.14517845062293178
gene_1235,32.13204182578305,31.95,32.81794871794872,0.0,31.475,86.76858974358976,0.0,0.055814020601883625
gene_1236,2.0284307142073614,1.925,1.7634615384615386,0.15,1.6,1.835897435897436,0.275,0.09214743586144081
gene_1237,0.7839344912016315,0.95,0.7153846153846155,0.325,1.025,2.383974358974359,0.475,1.293491357697435
gene_1238,3.784292558034823,3.95,5.433333333333334,0.05,3.8,15.343589743589746,0.075,0.7994175722153967
gene_1239,25.343368088956094,25.25,27.26923076923077,0.0,26.2,52.31794871794872,0.0,0.038048407315877095
gene_1240,56.575188888918746,56.9,56.09230769230769,0.0,57.225,192.025,0.0,0.04116406824210346
gene_1241,82.38768503529944,82.625,62.59935897435897,0.0,79.375,350.08653846153845,0.0,0.0429674213194512
gene_1242,357.98853671787657,359.925,290.48141025641024,0.0,354.6,2574.0923076923077,0.0,0.01765127908548235
gene_1243,0.37802995446840704,0.4,0.2974358974358975,0.625,0.425,0.4044871794871795,0.65,0.0001
gene_1244,65.70635017186505,65.375,45.06089743589744,0.0,67.3,280.42051282051284,0.0,0.04705384570660429
gene_1245,617.6299875429473,622.775,454.89679487179484,0.0,637.175,8624.45576923077,0.0,0.01967349393683791
gene_1246,89.7629290192993,90.95,98.04871794871795,0.0,94.1,435.98974358974357,0.0,0.03861062446169991
gene_1247,12.312592962083503,11.85,11.258974358974358,0.0,11.875,43.59935897435897,0.0,0.22497052347308324
gene_1248,0.5785157771162447,0.625,0.5480769230769231,0.525,0.775,1.460897435897436,0.625,1.1419728362213746
gene_1249,151.74852888075495,150.7,120.72820512820515,0.0,156.125,922.1634615384615,0.0,0.0314271987892697
gene_1250,69.21519297540124,70.75,73.62820512820512,0.0,68.125,178.2147435897436,0.0,0.02372104566868806
gene_1251,3.176936692841575,3.2,3.18974358974359,0.05,2.35,2.848717948717949,0.175,0.09030655475376045
gene_1252,3.0469117209515173,2.8,3.394871794871795,0.125,2.525,5.1275641025641026,0.175,0.40820532922747144
gene_1253,4.898043388942363,4.0,2.871794871794872,0.0,4.45,10.356410256410255,0.05,0.29826588845408347
gene_1254,719.4609026074778,720.35,1060.1307692307691,0.0,682.975,14267.922435897435,0.0,0.029123820703536512
gene_1255,1.6883409734127317,1.925,1.7634615384615386,0.175,1.575,2.8147435897435895,0.375,0.4997706582993475
gene_1256,21.758415781077154,20.775,25.66602564102564,0.0,21.675,59.09679487179486,0.0,0.07965378207575782
gene_1257,137.328200370462,139.525,143.28141025641025,0.0,131.725,682.2557692307691,0.0,0.03172818157537754
gene_1258,122.69441637767578,123.375,141.88141025641025,0.0,121.1,569.7846153846153,0.0,0.03059517152393895
gene_1259,14.092370098520293,13.275,14.050641025641026,0.0,13.625,37.47115384615385,0.0,0.12845331589475845
gene_1260,3.706193397953269,3.85,2.797435897435898,0.0,3.625,8.137820512820513,0.15,0.34342510439778073
gene_1261,6.024062168962211,5.675,6.481410256410256,0.0,6.15,12.07948717948718,0.0,0.15677142387019385
gene_1262,2.645843046420787,2.95,3.7923076923076926,0.125,2.75,5.4743589743589745,0.125,0.36024581474363354
gene_1263,130.69243569963933,128.2,121.54871794871794,0.0,133.55,922.5615384615384,0.0,0.044238008694211135
gene_1264,1.1062202248654933,1.075,1.301923076923077,0.35,1.125,2.3173076923076925,0.5,0.942070274659257
gene_1265,484.40410596332435,480.9,443.16923076923075,0.0,501.475,5982.7685897435895,0.0,0.021796385998533768
gene_1266,0.7110133708365157,0.775,0.742948717948718,0.45,0.9,1.8871794871794871,0.55,1.218740106124379
gene_1267,114.74171142708983,119.65,156.23333333333335,0.0,117.625,744.1378205128206,0.0,0.0452825306390737
gene_1268,1.2177528234739852,1.3,1.8564102564102565,0.35,1.3,3.8051282051282054,0.5,1.4823243808555504
gene_1269,7.76689211367785,8.1,9.784615384615385,0.0,6.975,11.768589743589745,0.0,0.09853089746516545
gene_1270,0.6125389694126716,0.375,0.2403846153846154,0.625,0.225,0.28141025641025647,0.825,1.1142766478218233
gene_1271,4.34282166985839,4.15,5.464102564102565,0.0,3.475,9.178846153846154,0.075,0.47234376302458964
gene_1272,384.05495075304515,391.05,554.2538461538462,0.0,393.025,5105.204487179487,0.0,0.030505733481281633
gene_1273,2.235777011189079,2.3,1.5999999999999999,0.05,2.525,5.999358974358974,0.25,0.5449440602002203
gene_1274,4.880341103675904,4.825,5.019871794871795,0.0,4.225,8.74294871794872,0.075,0.2530975087816602
gene_1275,43.76895868790576,43.3,34.779487179487184,0.0,43.95,179.84358974358975,0.0,0.0703527717237472
gene_1276,212.13010118231261,208.075,188.32756410256408,0.0,221.325,2046.0198717948717,0.0,0.03725025976986967
gene_1277,28.68158925081676,28.35,35.41282051282051,0.0,28.325,106.78910256410258,0.0,0.09779827053313353
gene_1278,12.11649693840964,11.575,8.712179487179487,0.0,13.15,48.84871794871795,0.0,0.2064434526941925
gene_1279,1.1369188027027513,0.925,0.942948717948718,0.425,1.2,1.4974358974358972,0.375,0.20655270640926704
gene_1280,50.54814340642246,49.675,57.81474358974358,0.0,54.2,129.85641025641027,0.0,0.025754146272648964
gene_1281,4.796041694057523,4.7,5.035897435897436,0.025,5.05,12.356410256410255,0.075,0.28649780437697314
gene_1282,0.9451305922217268,0.975,1.101923076923077,0.4,0.7,1.2410256410256408,0.6,1.1041339590234835
gene_1283,1.235824106247125,1.35,1.669230769230769,0.35,1.4,2.5025641025641026,0.4,0.5625327051028418
gene_1284,1.996782873741122,1.9,2.246153846153846,0.175,1.7,2.7282051282051283,0.25,0.35578032105513774
gene_1285,938.3464652940902,933.325,611.8660256410257,0.0,967.125,15638.573717948719,0.0,0.015685839979982966
gene_1286,17.812378896612902,17.45,20.510256410256414,0.0,20.075,58.22499999999999,0.0,0.09466369110829491
gene_1287,13.436400633264416,14.625,12.445512820512821,0.0,12.8,25.343589743589746,0.0,0.07655999599312246
gene_1288,3.043217087731753,3.0,2.5641025641025643,0.05,2.975,7.768589743589744,0.225,0.5416103092208893
gene_1289,11.270346422391775,10.8,10.574358974358974,0.0,12.325,59.76346153846153,0.0,0.31228903826404875
gene_1290,0.6425879983400878,0.9,0.758974358974359,0.375,0.6,0.8615384615384614,0.625,0.7264957244776824
gene_1291,2.5987599292934065,2.825,3.2762820512820516,0.1,2.05,3.8435897435897437,0.25,0.4267911346015355
gene_1292,0.9902234213692253,0.875,0.7788461538461539,0.4,0.975,1.7173076923076922,0.475,0.7808627918756917
gene_1293,2.140292532316899,2.025,2.383974358974359,0.125,1.95,2.6128205128205124,0.225,0.1743117718990666
gene_1294,1.8377656262515178,1.7,1.9076923076923076,0.225,1.75,3.269230769230769,0.325,0.4960753530562265
gene_1295,22.131690876570502,21.6,24.912820512820513,0.0,21.525,75.02499999999999,0.0,0.11546954693016284
gene_1296,4.538779425702115,4.975,5.717307692307692,0.0,5.55,15.997435897435897,0.075,0.33917493375851715
gene_1297,538.5647205539183,536.075,731.8660256410255,0.0,529.625,9776.445512820514,0.0,0.03296518169033005
gene_1298,5.505949804912355,5.425,7.2762820512820525,0.025,5.675,13.148076923076925,0.025,0.23204259885795986
gene_1299,2.6472400864969514,2.475,2.1019230769230766,0.075,2.875,8.522435897435898,0.225,0.6832436623670508
gene_1300,36.148708655785384,36.375,36.44551282051282,0.0,39.775,175.66602564102564,0.0,0.08589549758620382
gene_1301,232.34851334842745,230.275,206.61474358974357,0.0,235.625,1306.599358974359,0.0,0.01929018257339677
gene_1302,790.5658295607348,787.2,405.4461538461538,0.0,811.725,11592.973717948717,0.0,0.016362558845322783
gene_1303,266.4913292430994,264.5,416.87179487179486,0.0,267.225,2044.2814102564105,0.0,0.024885538483877756
gene_1304,49.43706153175402,48.475,45.64038461538461,0.0,51.575,195.89166666666665,0.0,0.054254781147743285
gene_1305,3.9816411713979796,3.9,5.835897435897436,0.0,3.0,8.512820512820513,0.2,0.6125356124675531
gene_1306,43.51777338011185,43.925,42.1224358974359,0.0,44.95,148.97179487179486,0.0,0.051483130989317435
gene_1307,292.314353339516,288.4,278.5025641025641,0.0,304.7,3469.6512820512826,0.0,0.03408961691891305
gene_1308,1.7469054196305946,1.55,1.0743589743589745,0.15,1.675,3.40448717948718,0.25,0.6164356173297373
gene_1309,337.2721045599061,334.775,419.66602564102567,0.0,356.125,2261.394230769231,0.0,0.015022818813622487
gene_1310,59.677301289820875,60.475,66.30705128205129,0.0,61.75,357.0128205128205,0.0,0.07743456093697469
gene_1311,0.6851382077908641,0.6,0.5538461538461538,0.55,0.55,0.9205128205128207,0.675,1.224835766241272
gene_1312,163.63825337576733,161.575,198.1480769230769,0.0,164.825,868.6096153846153,0.0,0.025905596702856953
gene_1313,2.8376708779625472,2.8,2.574358974358974,0.05,3.125,3.855769230769231,0.05,0.07483076922310657
gene_1314,741.4417135210238,741.35,591.5153846153846,0.0,761.725,13335.435256410256,0.0,0.02167040507497325
gene_1315,51.0447377131894,51.375,41.57371794871795,0.0,49.5,244.15384615384616,0.0,0.0794424430787743
gene_1316,1.9162859241098942,1.8,1.4461538461538463,0.15,2.125,3.0865384615384617,0.175,0.21293585302710605
gene_1317,564.9677235753558,564.725,339.38397435897434,0.0,563.0,7777.846153846154,0.0,0.02276199298305554
gene_1318,9.011928094502046,9.175,9.122435897435897,0.0,7.9,17.630769230769232,0.0,0.15591682792202075
gene_1319,0.33047135213129236,0.2,0.26666666666666666,0.85,0.25,0.2948717948717949,0.8,0.7179487064615387
gene_1320,793.2098402028165,795.85,1088.1820512820511,0.0,784.3,18127.138461538463,0.0,0.028193938553253393
gene_1321,31.49548952946718,31.175,20.199358974358972,0.0,30.0,102.2051282051282,0.0,0.08022792022783108
gene_1322,3.3449187038803556,2.9,2.8615384615384616,0.075,3.025,6.948076923076924,0.15,0.4287222919361466
gene_1323,16.118807703092823,16.2,20.420512820512823,0.0,16.65,53.92564102564102,0.0,0.13446109542157136
gene_1324,79.05433869167676,77.0,81.58974358974359,0.0,83.175,603.0711538461538,0.0,0.07515034617655655
gene_1325,30.225526317275648,29.75,34.34615384615385,0.0,31.275,99.84551282051282,0.0,0.07010399387138305
gene_1326,0.3191194710252938,0.275,0.2557692307692308,0.75,0.275,0.3070512820512821,0.775,0.4238186000325752
gene_1327,48.29918819844834,47.025,53.76858974358974,0.0,49.375,114.54807692307692,0.0,0.026733388386958577
gene_1328,536.695081347268,539.2,323.90769230769223,0.0,532.125,7531.291666666667,0.0,0.024718323334555883
gene_1329,273.3609895071449,273.275,359.7429487179487,0.0,272.55,2475.7923076923075,0.0,0.02965991416051333
gene_1330,0.3649327643352271,0.5,0.358974358974359,0.55,0.575,0.6096153846153846,0.575,0.10469681515519937
gene_1331,510.03860192145277,513.2,413.4974358974358,0.0,483.475,4665.230128205128,0.0,0.017890008792687827
gene_1332,6.958383846165365,7.6,6.912820512820513,0.0,6.525,17.076282051282053,0.025,0.24782447823218634
gene_1333,1.0308689754277072,1.225,1.1532051282051283,0.25,0.9,0.9128205128205129,0.425,0.015827793586030977
gene_1334,221.33123027976674,220.85,205.92564102564103,0.0,231.125,1330.7275641025642,0.0,0.02058457456358612
gene_1335,26.045159976307794,25.4,25.066666666666663,0.0,25.525,97.53782051282052,0.0,0.11052952907678805
gene_1336,751.629692097814,747.475,1104.5634615384615,0.0,761.9,11258.348717948717,0.0,0.018081999011060123
gene_1337,1.7081688674855366,2.0,2.051282051282051,0.1,2.225,9.153205128205128,0.275,1.3994606997713757
gene_1338,33.90063747010885,33.7,37.13846153846154,0.0,27.375,76.29166666666667,0.0,0.06527525836956047
gene_1339,12.895929621026093,12.875,10.573717948717949,0.0,13.05,35.330769230769235,0.0,0.13083054700100352
gene_1340,0.4554414848320795,0.525,0.40961538461538466,0.55,0.225,0.4865384615384616,0.85,5.166191730810269
gene_1341,2.403274912570097,2.175,2.045512820512821,0.075,2.125,3.753205128205128,0.225,0.3605713777925662
gene_1342,16.498269540723264,16.15,11.823076923076924,0.0,15.4,70.4,0.0,0.23191094619568264
gene_1343,41.26731877611396,41.875,46.93269230769231,0.0,42.725,123.64038461538462,0.0,0.04432685917583758
gene_1344,19.8994044825785,19.925,15.763461538461542,0.0,19.375,64.13782051282051,0.0,0.11924330958638424
gene_1345,194.04305485502712,194.575,132.91730769230767,0.0,207.025,1293.0506410256407,0.0,0.025339292947479542
gene_1346,0.407302915471132,0.55,0.4076923076923077,0.525,0.15,0.13076923076923075,0.85,0.0001
gene_1347,3.0479830635527296,2.825,3.6352564102564098,0.075,3.75,7.32051282051282,0.125,0.25390313388507857
gene_1348,1.721558745887166,1.9,2.2974358974358973,0.225,1.625,2.907051282051282,0.275,0.4855105444982803
gene_1349,848.6380629325954,852.475,815.7429487179487,0.0,825.425,17604.25064102564,0.0,0.024626705917799085
gene_1350,229.01688200402396,229.45,238.8179487179487,0.0,233.05,1555.9461538461537,0.0,0.024357209931325032
gene_1351,18.097757498494666,18.9,12.092307692307694,0.0,16.625,33.7275641025641,0.0,0.06187823520606831
gene_1352,0.4217241400865249,0.35,0.33589743589743587,0.7,0.45,0.817948717948718,0.75,1.817030696946604
gene_1353,6.656036921240746,7.3,8.728205128205127,0.0,7.1,20.964102564102568,0.0,0.2750268312602171
gene_1354,173.71338846443336,172.8,121.9076923076923,0.0,185.675,941.9685897435897,0.0,0.021937319184403496
gene_1355,4.862080887927148,4.85,3.874358974358975,0.0,6.3,17.548717948717947,0.0,0.28341441039139664
gene_1356,79.0459399482673,79.3,64.88205128205128,0.0,79.15,314.1307692307692,0.0,0.03750856789438505
gene_1357,1.3353668320654755,0.925,0.7891025641025643,0.375,1.875,6.214743589743589,0.325,1.2344159540648316
gene_1358,7.400663805068083,7.15,11.207692307692309,0.0,7.7,22.010256410256414,0.025,0.2413603712264303
gene_1359,137.6262088053939,134.8,147.1897435897436,0.0,143.625,731.1634615384615,0.0,0.02848237619760909
gene_1360,4.116114284507292,3.675,2.4301282051282054,0.0,3.6,8.605128205128207,0.1,0.38619816394614265
gene_1361,275.2212162277477,273.175,246.30192307692312,0.0,271.075,1832.430128205128,0.0,0.021248230118455592
gene_1362,7.322104644014586,7.225,4.537820512820513,0.0,6.85,15.771794871794873,0.0,0.1901389497917787
gene_1363,0.49690635417464474,0.55,0.7666666666666668,0.65,0.575,1.071153846153846,0.65,1.5006543505578576
gene_1364,1.8734422585530421,2.3,1.8051282051282054,0.025,1.95,2.664102564102564,0.2,0.18779817591446835
gene_1365,208.14880809000246,207.55,267.17692307692306,0.0,215.825,1441.6352564102565,0.0,0.026315992359081598
gene_1366,53.37236497913525,55.175,72.09679487179487,0.0,55.125,206.98397435897436,0.0,0.04997390160977762
gene_1367,2.1880716791820207,2.5,2.2051282051282053,0.05,2.225,4.0762820512820515,0.2,0.37394915811803603
gene_1368,9.63417702021991,9.675,9.199358974358974,0.0,9.05,32.202564102564104,0.0,0.2826844614301323
gene_1369,4.0229825268216475,4.25,5.012820512820513,0.025,4.05,10.1,0.125,0.36884621244512444
gene_1370,13.000449004387738,13.1,18.4,0.0,12.825,50.404487179487184,0.0,0.22847364046226554
gene_1371,7.828400748177289,7.525,9.076282051282051,0.0,8.4,20.24615384615385,0.0,0.16788766788528856
gene_1372,4.72765098439283,5.25,6.089743589743589,0.0,5.475,17.948076923076922,0.05,0.4161073179511959
gene_1373,193.29389968569365,196.625,163.72756410256412,0.0,192.725,756.6660256410256,0.0,0.015182999619756273
gene_1374,31.169617001388133,31.55,28.04871794871795,0.0,30.825,94.81474358974359,0.0,0.06734482045419127
gene_1375,1.4454929144019024,1.5,2.051282051282051,0.3,0.9,1.7333333333333332,0.525,1.0288065830920081
gene_1376,0.570062983246844,0.525,0.4608974358974359,0.55,0.75,1.5256410256410255,0.6,1.3789173764659701
gene_1377,738.2347443630769,740.45,619.5871794871795,0.0,729.775,8999.153205128205,0.0,0.015527262384601
gene_1378,93.95657264382281,94.975,124.33269230769231,0.0,92.35,433.51538461538456,0.0,0.04000287090939194
gene_1379,98.06294747609253,99.75,92.65384615384616,0.0,95.7,512.4717948717949,0.0,0.04550660587845261
gene_1380,87.3507909024783,86.925,75.45576923076922,0.0,93.9,384.75897435897434,0.0,0.032987642843818096
gene_1381,10.071832593012932,10.05,9.894871794871793,0.0,10.8,26.72820512820513,0.0,0.1365586859402312
gene_1382,17.62203177225449,17.825,19.686538461538458,0.0,16.725,58.409615384615385,0.0,0.14901965232704856
gene_1383,47.65057166614155,46.825,55.68653846153846,0.0,46.275,210.7685897435897,0.0,0.07681678441796633
gene_1384,88.53484010867923,86.825,101.07115384615386,0.0,84.6,507.3230769230769,0.0,0.05906296309192722
gene_1385,1.3392852629838405,1.25,1.4743589743589745,0.3,1.275,1.8967948717948717,0.375,0.38249588399069645
gene_1386,21.72449589535195,20.4,26.194871794871794,0.0,23.55,61.22820512820512,0.0,0.06793731569572294
gene_1387,0.38930294373106955,0.375,0.2403846153846154,0.625,0.175,0.3019230769230769,0.875,4.144426866241635
gene_1388,9.78499940434567,9.85,13.566666666666666,0.0,11.425,46.76346153846154,0.0,0.2707292755105617
gene_1389,0.4337810396886466,0.325,0.2762820512820513,0.7,0.375,0.4967948717948718,0.725,0.8660968599379552
gene_1390,6.206281634176104,6.4,6.041025641025641,0.0,6.5,17.58974358974359,0.025,0.26247913821257074
gene_1391,150.84425613434615,149.45,152.1,0.0,154.15,1295.5153846153846,0.0,0.04803277069791499
gene_1392,61.46014182672824,63.175,67.68653846153846,0.0,57.1,236.04102564102564,0.0,0.05488298270492691
gene_1393,43.34229614053425,41.7,73.13846153846153,0.0,45.9,118.45128205128206,0.0,0.034436556714296795
gene_1394,5.095015332878997,5.075,4.583974358974359,0.0,5.425,10.712179487179487,0.075,0.1796489026991387
gene_1395,13.48919588388406,14.125,13.907051282051283,0.0,13.725,29.691666666666663,0.0,0.08475972762708502
gene_1396,1.5810759566819268,1.075,1.353205128205128,0.375,1.4,2.6564102564102567,0.375,0.6410256406985874
gene_1397,1.718846907014178,1.95,1.6384615384615382,0.1,1.75,5.115384615384615,0.35,1.0989010985422738
gene_1398,1.2005148083989798,1.3,1.2410256410256413,0.25,0.975,1.8198717948717946,0.5,0.8887540239137838
gene_1399,2.8561180651526987,2.825,2.2506410256410256,0.075,2.85,10.48974358974359,0.175,0.9405655387876914
gene_1400,403.1748097779231,401.125,548.9839743589744,0.0,403.4,5556.656410256411,0.0,0.031667221836110836
gene_1401,284.0782313596296,287.025,195.4096153846154,0.0,277.025,2295.153205128205,0.0,0.026297279664390612
gene_1402,564.9519367765805,559.95,716.8692307692309,0.0,547.7,4007.4461538461537,0.0,0.011533437150260418
gene_1403,348.2777868350021,348.275,323.1788461538461,0.0,346.675,3975.0455128205126,0.0,0.030190241035485937
gene_1404,0.712813409166703,0.45,0.458974358974359,0.65,0.575,0.6096153846153846,0.575,0.10469681515519937
gene_1405,169.26754171296136,170.075,113.76346153846153,0.0,168.875,1104.2147435897436,0.0,0.03279734319110141
gene_1406,13.19729130684529,13.325,16.071153846153845,0.0,15.1,53.117948717948714,0.0,0.16673807603956833
gene_1407,123.80135087208419,124.75,92.75641025641026,0.0,125.275,590.2044871794872,0.0,0.029624993821699704
gene_1408,300.4168568303341,297.8,335.9076923076923,0.0,308.275,2325.435256410256,0.0,0.02122578642045993
gene_1409,101.41106791578018,100.775,78.38397435897437,0.0,100.975,678.948076923077,0.0,0.05668653156340881
gene_1410,99.16185741685197,97.975,126.84551282051282,0.0,103.05,540.2025641025641,0.0,0.04116584531823281
gene_1411,427.24427176872376,431.3,384.1128205128205,0.0,431.625,5665.522435897436,0.0,0.02809389954478145
gene_1412,1.995805116745157,2.25,1.4743589743589745,0.025,2.875,6.625,0.15,0.4536862003231835
gene_1413,4.354425887135961,4.65,3.5153846153846158,0.0,4.3,8.061538461538461,0.05,0.20343636892022854
gene_1414,572.5063624883185,573.175,547.4301282051282,0.0,569.175,10865.99423076923,0.0,0.03178421252545319
gene_1415,0.43098007288000406,0.25,0.3974358974358974,0.825,0.45,0.7666666666666667,0.725,1.5637860005080528
gene_1416,17.732216142296757,18.2,11.497435897435897,0.0,19.875,63.70192307692308,0.0,0.11094984679862253
gene_1417,664.5083967842786,656.675,673.8147435897437,0.0,668.125,15554.36858974359,0.0,0.03334799104077187
gene_1418,15.49308123436123,16.025,18.691666666666666,0.0,15.15,52.694871794871794,0.0,0.16357817553707465
gene_1419,1.975383406153114,2.05,3.0743589743589745,0.2,2.15,3.1051282051282048,0.15,0.20662589614312146
gene_1420,573.4497617699674,574.2,393.95897435897433,0.0,604.9,8466.041025641025,0.0,0.021484161995494407
gene_1421,290.2617762615278,289.15,357.72051282051285,0.0,302.55,2572.458974358974,0.0,0.024797855635340108
gene_1422,0.652066342354311,0.725,0.4608974358974359,0.4,0.675,1.3532051282051283,0.6,1.4885160531503145
gene_1423,624.1415358682051,623.775,539.8198717948718,0.0,638.925,7841.045512820513,0.0,0.017642520098483203
gene_1424,0.386943593442796,0.425,0.3019230769230769,0.6,0.3,0.36923076923076914,0.775,0.76923076068376
gene_1425,24.314006761506477,24.75,24.192307692307693,0.0,23.1,119.93846153846155,0.0,0.18147797368542584
gene_1426,17.65059461218746,18.0,16.974358974358974,0.0,17.425,26.250641025641023,0.0,0.02906703177787799
gene_1427,301.3399320606959,301.65,230.95128205128202,0.0,295.25,2166.5,0.0,0.02146604328626887
gene_1428,277.54253296045545,276.475,273.38397435897434,0.0,296.775,4065.4608974358976,0.0,0.04278931314183682
gene_1429,59.30783039577845,61.375,61.31730769230769,0.0,58.6,165.8871794871795,0.0,0.031242990450426993
gene_1430,15.840687107772304,15.0,19.128205128205128,0.0,16.625,35.57371794871795,0.0,0.06855774485349998
gene_1431,2.146056004839004,2.425,3.173717948717949,0.175,1.85,4.438461538461539,0.225,0.7563072425727483
gene_1432,6.1016129989610715,6.0,5.897435897435898,0.0,5.4,15.835897435897436,0.025,0.35788399984703534
gene_1433,2.8188897131501354,2.725,2.717307692307692,0.075,2.925,8.58397435897436,0.225,0.6614331925853373
gene_1434,29.856356253547673,30.425,41.53269230769231,0.0,33.975,150.025,0.0,0.10053706762906714
gene_1435,10.155617212542008,9.7,7.138461538461538,0.0,10.275,28.050641025641024,0.0,0.16836879748969188
gene_1436,6.644377245794338,6.425,6.763461538461538,0.0,7.075,24.68653846153846,0.05,0.35183934794913907
gene_1437,18.83103182216912,16.725,14.717307692307694,0.0,20.45,48.97179487179488,0.0,0.06820091910432549
gene_1438,1.23738748570789,1.4,1.2205128205128206,0.225,1.65,2.746153846153846,0.3,0.4026276752070592
gene_1439,76.36172032548873,74.6,70.60512820512821,0.0,82.325,431.04551282051284,0.0,0.05145339265723252
gene_1440,28.228149782756034,27.85,27.617948717948714,0.0,27.1,61.98974358974359,0.0,0.04750717390789352
gene_1441,39.5873127976676,40.875,42.31730769230769,0.0,41.425,129.68653846153845,0.0,0.05143354505196376
gene_1442,5.752306948451668,5.275,3.6403846153846158,0.0,6.225,18.537820512820513,0.025,0.31774508185359
gene_1443,4.215708926745221,3.925,4.481410256410256,0.025,4.425,11.019871794871793,0.075,0.33680599033662045
gene_1444,24.100049417914462,25.225,23.409615384615382,0.0,27.175,60.917307692307695,0.0,0.04569152737387253
gene_1445,64.02901992667239,63.4,81.52820512820514,0.0,65.65,185.0538461538461,0.0,0.027704406785462703
gene_1446,745.2663947120166,741.5,692.7692307692307,0.0,761.6,13678.14358974359,0.0,0.022268575840969827
gene_1447,108.03520239845633,111.05,144.7153846153846,0.0,114.525,315.3326923076923,0.0,0.015310160528578823
gene_1448,1.1492446145537194,1.4,1.0666666666666669,0.225,1.65,3.566666666666666,0.35,0.7040097946602962
gene_1449,6.337380738600974,6.625,5.625,0.0,6.7,16.31794871794872,0.025,0.2142559304463013
gene_1450,22.41733626351839,21.425,30.558333333333337,0.0,22.425,66.40448717948718,0.0,0.08745512352837162
gene_1451,0.7114332388260897,0.85,0.9512820512820511,0.475,0.65,1.1051282051282052,0.625,1.0772265184638545
gene_1452,0.3349628030244457,0.525,0.6660256410256411,0.65,0.475,0.9224358974358975,0.7,1.9830953815082644
gene_1453,1.3055375500929882,1.025,0.8455128205128207,0.3,1.5,4.051282051282051,0.325,1.133903133399177
gene_1454,15.605872402899013,14.575,15.942948717948715,0.0,15.025,49.66602564102565,0.0,0.15344819373533164
gene_1455,16.568105961297853,16.65,10.746153846153847,0.0,15.25,39.11538461538461,0.0,0.10261922973515504
gene_1456,18.620225773123856,17.825,16.096794871794874,0.0,17.475,69.74294871794872,0.0,0.1711595308819345
gene_1457,0.9102889068417042,0.8,0.9846153846153848,0.475,0.75,0.9102564102564102,0.525,0.2849002843937955
gene_1458,112.27456373353097,113.475,112.46089743589745,0.0,105.35,542.2846153846153,0.0,0.03936836444203557
gene_1459,35.23269046238704,32.4,37.11794871794872,0.0,36.325,113.86602564102563,0.0,0.058765210372609705
gene_1460,1.583012457837574,1.425,1.5326923076923076,0.25,1.65,4.182051282051281,0.425,0.9300463842502241
gene_1461,95.89499881421166,94.1,65.57948717948716,0.0,103.525,530.2557692307691,0.0,0.03981653656035791
gene_1462,210.7316528886543,211.8,242.26666666666665,0.0,208.275,2034.204487179487,0.0,0.04209298415565162
gene_1463,335.48813686940565,334.375,348.4455128205128,0.0,341.325,4898.99423076923,0.0,0.039120698959597605
gene_1464,446.35141949048796,445.225,465.81987179487186,0.0,447.175,6280.917307692308,0.0,0.02917374683599733
gene_1465,95.6423788603494,93.275,107.53782051282052,0.0,90.55,463.9461538461539,0.0,0.04553998999867468
gene_1466,190.60190577944098,193.45,167.8948717948718,0.0,197.825,1146.5583333333334,0.0,0.024242745974779767
gene_1467,0.4580262285846212,0.45,0.4076923076923078,0.625,0.35,0.6948717948717947,0.775,2.8152799351552233
gene_1468,118.92603416420098,118.475,57.281410256410254,0.0,118.325,555.9173076923078,0.0,0.03125479486058335
gene_1469,11.834842243947403,12.35,11.002564102564103,0.0,12.375,35.5224358974359,0.0,0.1511515046858712
gene_1470,1.2030901393557094,1.2,1.3435897435897435,0.325,1.575,3.481410256410256,0.4,0.7685201332896895
gene_1471,10.251177730212815,9.725,9.640384615384615,0.0,10.325,38.430128205128206,0.0,0.26363644699671873
gene_1472,23.39529195794726,21.85,27.874358974358973,0.0,23.375,75.88141025641026,0.0,0.0960968359519605
gene_1473,64.33367188536963,67.075,66.58397435897436,0.0,61.875,234.625,0.0,0.04512192633403576
gene_1474,1.3400566055052938,1.5,1.5384615384615385,0.175,1.475,2.8711538461538466,0.4,0.6417254101750628
gene_1475,0.3654712077140907,0.25,0.24358974358974358,0.775,0.4,1.1692307692307693,0.8,4.807692277644231
gene_1476,114.71447715574111,115.05,141.33076923076922,0.0,117.025,731.7173076923076,0.0,0.04488492240799908
gene_1477,855.1804326357907,859.475,801.5378205128205,0.0,836.55,22871.228205128205,0.0,0.03148639253039577
gene_1478,15.579077966232052,15.8,14.420512820512823,0.0,16.6,50.758974358974356,0.0,0.1239620204632399
gene_1479,83.67609310872265,80.95,63.330769230769235,0.0,88.1,555.0666666666667,0.0,0.060163634434944116
gene_1480,38.718348142578286,36.9,34.194871794871794,0.0,41.025,130.33269230769233,0.0,0.05306298633033648
gene_1481,3.6344019633451246,3.45,3.535897435897436,0.05,4.3,9.95897435897436,0.0,0.3060559415180262
gene_1482,51.095042692854996,49.125,47.08653846153846,0.0,50.075,89.76346153846154,0.0,0.015827865406461732
gene_1483,77.37228262260925,75.425,96.45576923076923,0.0,74.35,302.1307692307692,0.0,0.04120549252105615
gene_1484,334.95298675556484,337.025,411.05064102564097,0.0,325.375,1825.8814102564102,0.0,0.014173251475462846
gene_1485,84.32857425011915,83.95,73.12564102564103,0.0,84.725,299.5891025641026,0.0,0.02993234269225181
gene_1486,9.310335349393878,9.125,6.009615384615385,0.0,9.625,22.137820512820515,0.0,0.13506839480719657
gene_1487,113.17491023287364,112.425,115.58397435897434,0.0,107.775,737.2044871794872,0.0,0.05418898564509484
gene_1488,0.3605570635370008,0.325,0.32756410256410257,0.725,0.375,0.5480769230769231,0.75,1.2307692220170945
gene_1489,7.098547275145755,7.325,8.789102564102564,0.0,7.15,19.361538461538462,0.0,0.2388681786160613
gene_1490,0.34726647973435365,0.3,0.2666666666666666,0.725,0.275,0.2044871794871795,0.725,0.0001
gene_1491,0.6052731080192585,0.625,0.8044871794871795,0.575,0.575,1.583974358974359,0.675,3.0517182787830346
gene_1492,5.339064592195401,5.625,6.342948717948718,0.0,5.8,13.189743589743586,0.075,0.21967133143650164
gene_1493,31.942475105952862,32.55,22.099999999999998,0.0,31.75,112.1923076923077,0.0,0.07979892882854774
gene_1494,183.4867426732216,183.7,204.8820512820513,0.0,181.95,929.2794871794872,0.0,0.02257397286108575
gene_1495,111.97493558018265,112.15,119.72051282051281,0.0,112.375,495.1121794871795,0.0,0.030308276638085756
gene_1496,4.518798359377051,5.05,4.6641025641025635,0.0,5.275,10.307051282051283,0.025,0.18084234520771555
gene_1497,0.7021771813622839,0.875,0.9326923076923077,0.4,0.45,0.458974358974359,0.625,0.044317821876746544
gene_1498,5.356331956970584,5.775,5.61474358974359,0.0,5.725,13.794230769230767,0.025,0.24619609142417795
gene_1499,5.173799745962908,5.225,3.563461538461539,0.0,5.175,13.891666666666666,0.025,0.32548406418226544
gene_1500,73.15534953829344,71.575,54.60961538461539,0.0,72.3,289.70256410256417,0.0,0.04158991831379597
gene_1501,1.1652731608965683,1.275,1.2814102564102565,0.225,1.1,2.2461538461538466,0.525,0.9472345828153815
gene_1502,5.685166055028605,5.2,6.574358974358974,0.0,5.225,17.050641025641028,0.05,0.4331637471745744
gene_1503,1.5470797800047733,1.55,1.3820512820512825,0.125,1.2,2.164102564102564,0.45,0.669515669050728
gene_1504,1.019413642348322,0.85,1.0025641025641023,0.475,0.575,0.7121794871794871,0.625,0.41490960080023453
gene_1505,0.341891509635864,0.425,0.3019230769230769,0.6,0.325,0.4301282051282051,0.75,0.9952966071754649
gene_1506,4.940262084836006,5.5,5.384615384615385,0.0,4.35,6.079487179487179,0.025,0.09139845048993428
gene_1507,0.6388074671008556,0.75,0.8076923076923077,0.5,0.55,1.0230769230769232,0.7,1.5638906496298592
gene_1508,581.2238829799486,580.85,608.848717948718,0.0,607.75,10174.961538461539,0.0,0.02590212778746623
gene_1509,23.611016988347526,25.25,28.5,0.0,23.75,90.65384615384616,0.0,0.11861069678223167
gene_1510,156.36556602475784,153.125,163.44551282051282,0.0,162.85,1083.9769230769232,0.0,0.034733132287638885
gene_1511,0.5323454888975624,0.725,0.5121794871794871,0.425,0.675,1.301923076923077,0.625,1.3759628544243927
gene_1512,47.30896563395672,47.05,72.81794871794871,0.0,45.925,180.48141025641024,0.0,0.0637978528251028
gene_1513,253.81252491731766,254.625,290.49679487179486,0.0,254.775,2819.153205128205,0.0,0.03950649096424772
gene_1514,175.48287312492894,175.075,152.17371794871795,0.0,175.025,798.2814102564103,0.0,0.02034541633135038
gene_1515,2.1271269788778526,2.275,1.9993589743589746,0.025,2.725,21.794230769230765,0.375,2.5680304037253068
gene_1516,33.50647935975888,32.35,36.233333333333334,0.0,34.55,123.17692307692307,0.0,0.07424540291810468
gene_1517,64.84054711687249,64.55,84.56153846153846,0.0,63.55,164.56153846153842,0.0,0.02501150793164552
gene_1518,276.58226999413336,272.425,377.4814102564103,0.0,274.25,3057.628205128205,0.0,0.037006579876044374
gene_1519,12.479190330702588,11.875,11.086538461538462,0.0,13.975,33.255769230769225,0.0,0.09872354085231679
gene_1520,351.56217830326926,356.175,241.5326923076923,0.0,363.55,4098.869230769232,0.0,0.028261774431406303
gene_1521,1.151855189232205,1.25,0.9615384615384616,0.25,0.875,0.9839743589743589,0.45,0.1423338564336654
gene_1522,3.446511272898672,3.2,4.112820512820513,0.1,3.6,8.246153846153847,0.05,0.3584995251385299
gene_1523,1.4146139278623135,1.325,0.8916666666666666,0.175,1.375,1.3685897435897436,0.25,0.0001
gene_1524,151.20980302952105,149.875,141.49679487179486,0.0,147.775,732.025,0.0,0.026754496668723354
gene_1525,462.05501704987824,461.75,253.83333333333334,0.0,461.4,4552.400000000001,0.0,0.019216500392972884
gene_1526,4.909478800836769,4.975,5.358333333333333,0.025,4.15,13.053846153846154,0.125,0.516989180045241
gene_1527,11.420386697045597,11.575,9.378846153846153,0.0,10.075,20.430128205128206,0.0,0.10201531397916315
gene_1528,1.1086268371795311,0.775,0.7942307692307693,0.475,1.125,2.3173076923076925,0.5,0.942070274659257
gene_1529,762.8881360621895,767.6,973.4769230769232,0.0,779.675,17464.99423076923,0.0,0.027447784941752772
gene_1530,6.00713742181782,5.725,6.050641025641026,0.0,6.15,16.335897435897436,0.0,0.26930788381593307
gene_1531,299.67425839450146,301.875,264.83012820512823,0.0,296.425,2636.507051282051,0.0,0.026631855665832392
gene_1532,122.34806062189509,122.975,144.99935897435898,0.0,127.35,836.6435897435897,0.0,0.04373489984636203
gene_1533,19.88300847582275,19.05,19.68974358974359,0.0,21.175,51.68653846153846,0.0,0.06804829816513684
gene_1534,0.6447980213519356,0.725,0.5634615384615385,0.425,0.6,0.7076923076923076,0.575,0.29914529831433984
gene_1535,0.5701923472236851,0.525,0.6147435897435898,0.625,0.55,0.458974358974359,0.55,0.0001
gene_1536,211.9001118708688,213.6,208.1948717948718,0.0,208.55,2274.6128205128202,0.0,0.04750322928820202
gene_1537,209.21001481340446,208.625,192.08653846153845,0.0,203.2,1614.0102564102563,0.0,0.034168129233693535
gene_1538,0.3763245744020379,0.375,0.34294871794871795,0.675,0.45,0.5102564102564103,0.675,0.2975625183152978
gene_1539,647.7097451707643,651.075,725.9173076923078,0.0,647.825,7299.789102564103,0.0,0.015850190615911464
gene_1540,9.215563662481678,9.225,11.61474358974359,0.0,8.7,36.01025641025641,0.0,0.3608172335829779
gene_1541,2.2741146521177904,2.0,2.1538461538461537,0.125,2.225,6.486538461538462,0.3,0.8608081728423489
gene_1542,129.82151602905742,129.0,66.05128205128206,0.0,131.45,540.7153846153847,0.0,0.023685569584147154
gene_1543,60.75988192155747,61.075,67.30192307692307,0.0,63.15,221.77179487179487,0.0,0.03977554600716415
gene_1544,282.2709859780045,284.225,275.6147435897436,0.0,300.3,2564.0615384615385,0.0,0.025102675529171826
gene_1545,8.780547115585717,8.525,10.358333333333334,0.0,8.725,23.435256410256407,0.025,0.1932365929352064
gene_1546,47.98896086033668,47.525,49.948076923076925,0.0,45.875,108.00961538461539,0.0,0.029524425785427875
gene_1547,126.06182483172103,126.275,64.8198717948718,0.0,122.2,576.4717948717949,0.0,0.03042099124290922
gene_1548,389.3401426686618,387.625,286.9583333333333,0.0,396.275,4664.05064102564,0.0,0.02717742031163484
gene_1549,102.66900376353563,102.625,93.88141025641026,0.0,104.35,745.3615384615384,0.0,0.05886822488280907
gene_1550,0.388897198908486,0.275,0.2557692307692308,0.75,0.225,0.38397435897435894,0.85,3.140234189316044
gene_1551,16.497128664368457,17.175,19.68653846153846,0.0,18.3,74.16410256410256,0.0,0.1668132896292387
gene_1552,446.2094014100304,445.975,539.5634615384615,0.0,438.475,4256.101923076923,0.0,0.01985655080249427
gene_1553,32.052348010240074,33.6,29.425641025641024,0.0,32.2,118.1128205128205,0.0,0.0828602489417245
gene_1554,5.417500609020608,5.725,6.204487179487178,0.0,5.25,7.4743589743589745,0.025,0.08070236641372416
gene_1555,521.6042689928559,519.975,427.8711538461538,0.0,512.65,4638.182051282051,0.0,0.01569777290849719
gene_1556,1.147578909220895,1.125,1.2403846153846154,0.35,1.1,1.5794871794871794,0.375,0.39627039594289987
gene_1557,79.89427786861214,80.4,57.83589743589744,0.0,82.375,416.9583333333333,0.0,0.04930755279031359
gene_1558,0.7759399681689266,1.025,1.0506410256410257,0.35,0.875,1.6506410256410255,0.525,1.0130821546160893
gene_1559,6.5873313464525225,6.675,8.430128205128204,0.0,5.9,17.323076923076922,0.025,0.32815503943547164
gene_1560,463.65574231410244,460.025,620.4865384615384,0.0,465.325,6008.635256410257,0.0,0.025600969634574006
gene_1561,0.5153329286285468,0.525,0.5121794871794872,0.6,0.85,1.4641025641025642,0.525,0.8499689456783327
gene_1562,0.787675330937288,0.775,0.7942307692307693,0.375,0.95,1.8435897435897437,0.525,0.9901271386145337
gene_1563,0.6924426716407297,0.85,1.2076923076923076,0.55,0.925,2.378846153846154,0.525,1.699162778257988
gene_1564,714.8969830999977,721.45,755.2282051282051,0.0,691.325,13223.814743589744,0.0,0.026222423870614138
gene_1565,199.56103397402208,200.575,272.0455128205128,0.0,192.45,1017.8948717948718,0.0,0.022287032321118585
gene_1566,0.45649181666617755,0.425,0.45576923076923076,0.65,0.275,0.2557692307692308,0.75,0.0001
gene_1567,666.6094853592277,671.6,734.5025641025641,0.0,673.15,12884.43846153846,0.0,0.0269486981691002
gene_1568,182.23661613475957,181.825,103.3275641025641,0.0,173.375,1523.3685897435898,0.0,0.044911623871466314
gene_1569,14.89157236754686,14.85,12.694871794871796,0.0,15.25,58.243589743589745,0.0,0.18486896960346091
gene_1570,113.81681978119295,112.525,92.15320512820514,0.0,112.825,418.8660256410256,0.0,0.024041909851369253
gene_1571,112.69998788820271,110.225,103.56346153846155,0.0,111.125,610.8814102564103,0.0,0.04047015106065468
gene_1572,3.136797269082821,3.65,3.771794871794871,0.025,3.175,6.4557692307692305,0.15,0.3254529585659399
gene_1573,2.0613784139310325,2.1,2.0923076923076924,0.1,1.725,2.768589743589744,0.275,0.35071278915825443
gene_1574,25.105647078282807,25.9,26.5025641025641,0.0,24.25,72.44871794871794,0.0,0.08196189681987201
gene_1575,19.55893471839299,20.05,19.792307692307695,0.0,20.05,86.04871794871794,0.0,0.16417489430676116
gene_1576,2.334740686745804,2.225,2.3326923076923074,0.175,2.275,4.563461538461538,0.15,0.4421613888215195
gene_1577,1.9557106671315887,1.5,1.794871794871795,0.225,1.875,5.291666666666667,0.35,0.9718518515754141
gene_1578,1.954095370631007,1.825,2.558333333333333,0.15,2.175,5.1224358974358974,0.275,0.6230542257762651
gene_1579,1.4025151163842986,1.575,1.2762820512820514,0.2,1.325,1.9173076923076924,0.325,0.33737711183784425
gene_1580,12.245465001979676,12.15,10.643589743589745,0.0,13.0,28.358974358974358,0.0,0.09088150508215075
gene_1581,1.0858259527701426,1.2,0.882051282051282,0.225,1.375,3.0096153846153846,0.45,0.8645899550417425
gene_1582,34.67360392072678,35.025,32.99935897435897,0.0,35.75,129.57692307692307,0.0,0.07341340746391484
gene_1583,2.5286606271276066,2.425,3.378846153846154,0.125,2.375,5.112179487179487,0.2,0.4852617372532699
gene_1584,150.04711978959534,148.9,128.50256410256412,0.0,137.575,740.3019230769231,0.0,0.03184502163979234
gene_1585,467.7221633836206,465.275,294.87115384615385,0.0,478.275,5677.127564102563,0.0,0.022727524811630134
gene_1586,1.6762456928984502,1.625,1.4711538461538463,0.175,1.875,3.2916666666666665,0.275,0.4029629628483423
gene_1587,9.869101925852988,9.225,8.332692307692309,0.0,10.45,30.04871794871795,0.025,0.1794713303133031
gene_1588,439.0265061696545,440.95,490.81794871794875,0.0,463.0,4925.025641025641,0.0,0.020814696346139694
gene_1589,8.295395577665273,8.4,9.887179487179488,0.0,9.15,41.823076923076925,0.025,0.39025443486143707
gene_1590,0.8400256327508275,0.975,0.7942307692307691,0.325,0.65,0.694871794871795,0.55,0.10620543139784495
gene_1591,0.5637947055976896,0.5,0.3076923076923077,0.525,0.625,1.1634615384615385,0.675,1.378461534932677
gene_1592,0.8204429949312827,1.025,0.7942307692307694,0.3,0.925,1.4044871794871796,0.5,0.5603940732526346
gene_1593,565.2582763235853,562.275,611.9480769230769,0.0,580.5,9196.820512820514,0.0,0.025569215147832815
gene_1594,279.0488125950796,278.45,271.17692307692306,0.0,287.825,3891.9429487179486,0.0,0.04350528005157579
gene_1595,2.4153008017377657,2.275,1.8455128205128204,0.075,1.95,9.023076923076923,0.425,1.8601122738242764
gene_1596,18.721152120310677,18.275,15.486538461538462,0.0,18.75,51.57692307692308,0.0,0.0933743589740934
gene_1597,280.2808104765462,279.225,314.48653846153843,0.0,281.425,2424.6608974358974,0.0,0.027061048847111732
gene_1598,10.784360705914802,10.525,9.589102564102564,0.0,11.125,29.34294871794872,0.0,0.1471971617143413
gene_1599,31.501915889475605,31.6,28.246153846153845,0.0,30.2,76.52307692307693,0.0,0.05079061984455302
gene_1600,347.97355645691607,355.225,312.38397435897434,0.0,358.9,4727.989743589743,0.0,0.03391907879560561
gene_1601,148.49094265047327,148.225,130.17884615384614,0.0,151.575,1150.7121794871794,0.0,0.043488053191215084
gene_1602,31.03837994529146,31.7,31.85641025641026,0.0,30.15,132.43846153846152,0.0,0.11252577525677197
gene_1603,174.17735504987522,170.925,150.37884615384615,0.0,172.4,896.5025641025641,0.0,0.024362708133789508
gene_1604,3.9965699597603264,4.0,4.666666666666667,0.05,4.775,12.79423076923077,0.025,0.35171100655701576
gene_1605,104.88821209285739,105.375,106.75320512820512,0.0,104.175,593.3788461538462,0.0,0.04507781372284065
gene_1606,46.90468391061159,46.85,42.48974358974359,0.0,47.825,265.22499999999997,0.0,0.0950494443470933
gene_1607,349.34743631337125,351.375,328.49679487179486,0.0,329.575,2826.763461538462,0.0,0.02299020257811073
gene_1608,9.50013082826812,9.25,14.397435897435898,0.0,7.475,17.64038461538462,0.025,0.1819287858561348
gene_1609,26.489036887206893,25.55,26.920512820512823,0.0,26.225,77.35833333333332,0.0,0.0743486541117414
gene_1610,0.985769294894847,0.675,0.9942307692307694,0.575,1.025,1.5121794871794871,0.425,0.46370444898587293
gene_1611,7.6196421170713995,8.1,8.246153846153847,0.0,8.175,22.40448717948718,0.0,0.21291866085756728
gene_1612,9.399434997200558,9.875,8.881410256410257,0.0,9.375,21.522435897435898,0.0,0.13821082620925368
gene_1613,0.5852756661203343,0.6,0.6051282051282052,0.55,0.55,0.6641025641025643,0.625,0.3771985577698039
gene_1614,14.948139012187982,15.45,15.792307692307691,0.0,14.075,47.045512820512826,0.0,0.16642895839200122
gene_1615,24.421031532510707,23.975,23.25576923076923,0.0,24.275,60.76858974358974,0.0,0.06192957623782219
gene_1616,3.8161117294878477,3.7,2.471794871794872,0.0,4.275,19.025000000000002,0.075,0.8070859409291291
gene_1617,3.687241373521586,3.65,3.4641025641025647,0.05,2.975,5.255769230769231,0.125,0.25769583848728594
gene_1618,34.60521315594416,35.125,31.753205128205128,0.0,33.65,102.69487179487179,0.0,0.060976331208477105
gene_1619,2.3766494429681164,2.475,3.3326923076923083,0.1,2.175,4.507051282051282,0.275,0.4929689589765228
gene_1620,375.61099079054117,374.525,327.02500000000003,0.0,368.95,4573.587179487179,0.0,0.030888263740707855
gene_1621,2.4673760138570198,2.35,2.5410256410256413,0.1,2.45,6.6641025641025635,0.2,0.7020579031071228
gene_1622,72.0238173860201,72.4,75.27179487179487,0.0,77.225,318.2301282051282,0.0,0.040412009817325095
gene_1623,46.025919514174035,46.875,28.983974358974358,0.0,44.35,206.02820512820514,0.0,0.08219856406549976
gene_1624,802.7346653570025,798.8,994.8820512820513,0.0,806.35,18054.182051282052,0.0,0.026526950932544372
gene_1625,69.69671087952405,70.025,52.74294871794873,0.0,66.875,302.57371794871796,0.0,0.05270230744594139
gene_1626,0.9209607195666583,0.9,0.6564102564102564,0.35,0.9,2.1948717948717946,0.55,1.5986071521891203
gene_1627,191.59147579398245,190.675,199.09679487179488,0.0,186.8,798.3179487179488,0.0,0.017524896622420523
gene_1628,464.13365310763936,464.175,342.0455128205128,0.0,461.725,4989.948076923077,0.0,0.0212403189392365
gene_1629,3.8165784164641856,4.2,2.0615384615384618,0.0,4.15,12.335897435897436,0.1,0.47530250750019637
gene_1630,2.886688607834854,2.925,2.019871794871795,0.025,2.625,4.6506410256410255,0.2,0.29397057964220297
gene_1631,0.7585755936826352,0.775,1.307051282051282,0.5,0.825,1.0198717948717948,0.5,0.28631301316507896
gene_1632,728.6107097540123,729.275,561.5891025641026,0.0,709.15,13949.669230769234,0.0,0.026328662773811438
gene_1633,22.859398208368493,22.625,22.548076923076923,0.0,22.75,55.52564102564103,0.0,0.0633269238508928
gene_1634,30.228883279234562,31.5,30.256410256410255,0.0,28.4,82.91282051282052,0.0,0.06758681376804322
gene_1635,42.818792698619305,41.95,36.97179487179487,0.0,42.25,188.9102564102564,0.0,0.0821597318918381
gene_1636,2.2882422384603425,2.8,2.3692307692307693,0.025,2.3,8.266666666666667,0.375,1.1279143035044905
gene_1637,1.8019825975099586,1.45,0.9205128205128205,0.125,1.6,6.75897435897436,0.375,2.015224358187162
gene_1638,4.677069368081459,4.625,4.44551282051282,0.0,4.75,17.21794871794872,0.075,0.5525960650369472
gene_1639,2.1835576030696293,2.0,2.051282051282051,0.175,1.975,3.2044871794871796,0.225,0.31520260962588736
gene_1640,13.54142166182273,13.725,14.20448717948718,0.0,14.05,38.86923076923077,0.0,0.1257290600124367
gene_1641,1.556837160095538,1.4,1.4256410256410255,0.275,1.625,3.7788461538461537,0.375,0.8156577147571109
gene_1642,3.4060226712727606,3.075,1.9685897435897437,0.0,3.15,10.797435897435898,0.175,0.7707166436548432
gene_1643,380.2097014069252,382.95,355.3820512820513,0.0,394.875,3931.1378205128203,0.0,0.022679070818109947
gene_1644,0.9358818269676695,1.025,0.9480769230769233,0.3,1.2,2.4717948717948715,0.5,0.883190882577556
gene_1645,9.205270652913741,9.25,8.14102564102564,0.0,8.675,34.78910256410256,0.0,0.3470053243695146
gene_1646,748.2580553396299,744.225,829.1019230769231,0.0,715.5,9857.538461538461,0.0,0.017857627841410092
gene_1647,596.5978123893249,595.075,518.0198717948718,0.0,599.0,5004.974358974359,0.0,0.012279715939962117
gene_1648,0.4097109486965813,0.4,0.45128205128205134,0.675,0.325,0.37884615384615383,0.725,0.5097860670898722
gene_1649,2.6299818879585906,2.925,3.1993589743589745,0.075,2.125,4.112179487179487,0.25,0.44006742958935247
gene_1650,91.21405721827789,88.5,62.666666666666664,0.0,88.625,349.83012820512823,0.0,0.033255938070319103
gene_1651,258.67278509130483,260.225,363.4608974358974,0.0,261.9,1493.0666666666666,0.0,0.017949231205779376
gene_1652,57.46007320230632,56.575,74.91730769230769,0.0,57.35,302.59230769230766,0.0,0.0745638887214159
gene_1653,5.980975753522781,5.925,5.917307692307692,0.025,7.05,26.920512820512823,0.05,0.39978900095796055
gene_1654,8.31807473200534,8.775,10.691666666666665,0.0,7.725,22.871153846153845,0.05,0.2538080471867708
gene_1655,18.0998255195071,18.025,18.48653846153846,0.0,17.525,72.25576923076923,0.0,0.17820320017449223
gene_1656,6.300120986901262,6.725,12.101923076923077,0.0,6.45,17.74102564102564,0.025,0.2714025753441317
gene_1657,2.4149450584053764,2.825,2.81474358974359,0.05,2.025,2.4865384615384616,0.175,0.11255319894550428
gene_1658,3.617596320132548,3.85,2.6435897435897435,0.025,3.3,9.753846153846153,0.175,0.5926396834943539
gene_1659,100.40836402460855,98.05,140.4076923076923,0.0,99.95,567.9461538461538,0.0,0.04684645012312129
gene_1660,2.406802382127324,2.475,1.8967948717948717,0.1,3.025,10.486538461538462,0.225,0.8154129866236512
gene_1661,0.434487334121657,0.3,0.3692307692307692,0.775,0.4,0.5538461538461539,0.725,0.9615384555288461
gene_1662,137.59379797453767,139.95,173.53589743589748,0.0,137.875,746.5737179487179,0.0,0.032020737927070976
gene_1663,95.89383295772029,96.5,111.23076923076923,0.0,99.55,398.9717948717949,0.0,0.030213489065613407
gene_1664,54.83131745465745,54.825,48.04551282051282,0.0,55.75,222.65384615384616,0.0,0.053700286321073806
gene_1665,673.8762654410557,673.15,675.6179487179487,0.0,688.025,9788.230128205128,0.0,0.0192239551196044
gene_1666,4.981758031901461,5.55,5.843589743589744,0.0,5.575,11.378846153846153,0.025,0.18673518160138083
gene_1667,4.157779982516049,4.6,7.323076923076924,0.025,4.15,9.207692307692309,0.075,0.2936677199825019
gene_1668,0.3864058006404553,0.475,0.40961538461538455,0.575,0.45,0.7153846153846154,0.725,1.3105413040695015
gene_1669,446.9519778364082,448.95,465.7923076923077,0.0,455.8,6326.984615384616,0.0,0.028260321289121995
gene_1670,1.3849039875379558,1.4,1.3743589743589744,0.25,1.025,1.6660256410256409,0.45,0.6101374328761485
gene_1671,19.53193911493582,18.45,22.510256410256407,0.0,18.0,63.48717948717949,0.0,0.14039252928098486
gene_1672,2.93004953500087,3.275,3.332692307692307,0.025,2.975,5.922435897435898,0.1,0.33302008582477255
gene_1673,27.224742619599777,28.3,27.394871794871797,0.0,28.05,96.04871794871795,0.0,0.08642412542999231
gene_1674,21.903807533090227,20.625,16.44551282051282,0.0,22.8,117.29230769230769,0.0,0.18177190614828778
gene_1675,368.9432360198071,370.45,447.023076923077,0.0,360.975,4051.409615384615,0.0,0.028321957389939083
gene_1676,23.535557204494456,23.0,30.256410256410255,0.0,24.975,78.43525641025641,0.0,0.08570774002859026
gene_1677,101.59910392773548,102.2,78.57435897435897,0.0,99.3,591.548717948718,0.0,0.04992132418862228
gene_1678,38.854527139980696,37.825,37.53269230769231,0.0,39.575,133.6352564102564,0.0,0.060057093612811314
gene_1679,766.3612444652506,771.675,1194.1737179487177,0.0,747.525,15137.076282051281,0.0,0.02575110134078
gene_1680,8.57766470329628,8.425,13.891666666666666,0.0,8.075,25.04551282051282,0.025,0.2602614854202005
gene_1681,2.3528686401867622,2.05,1.4333333333333333,0.025,2.225,4.691666666666667,0.225,0.49825358740935
gene_1682,458.7261223655773,458.8,320.7282051282051,0.0,473.025,7103.666025641025,0.0,0.02963379878236022
gene_1683,49.249391822713605,48.425,45.3275641025641,0.0,50.8,212.0102564102564,0.0,0.06246909929714876
gene_1684,26.961612806030686,27.375,28.08653846153846,0.0,24.5,60.56410256410256,0.0,0.060081803521936664
gene_1685,31.511625445320412,32.05,31.9974358974359,0.0,31.3,85.65128205128205,0.0,0.055478041065262045
gene_1686,0.7995392525454497,0.55,0.458974358974359,0.55,0.65,1.0025641025641026,0.625,0.8344712466973521
gene_1687,80.51059165450026,81.5,101.74358974358974,0.0,78.975,250.69166666666663,0.0,0.02753170961581527
gene_1688,65.08972614523897,62.3,80.42051282051281,0.0,65.3,468.31794871794875,0.0,0.09451440957340353
gene_1689,47.63980652254946,47.525,65.07628205128205,0.0,48.825,160.66089743589745,0.0,0.04691337991634985
gene_1690,18.09168383765352,17.9,22.4,0.0,22.275,95.53782051282052,0.0,0.14765501733921912
gene_1691,0.3566292879448883,0.45,0.458974358974359,0.65,0.3,0.42051282051282046,0.775,1.3390313241532128
gene_1692,2.319436082941882,2.6,1.835897435897436,0.1,2.95,7.792307692307692,0.2,0.5564271981328658
gene_1693,237.26475979119084,236.775,223.87115384615382,0.0,240.875,1840.676282051282,0.0,0.02757290885113608
gene_1694,46.751049776251804,46.75,45.166666666666664,0.0,48.75,190.75641025641025,0.0,0.05975286164632763
gene_1695,46.5655988499816,46.725,69.38397435897436,0.0,45.025,211.97371794871796,0.0,0.08235228337820126
gene_1696,2.106188497980705,2.1,2.041025641025641,0.125,1.9,3.169230769230769,0.2,0.3515874706036514
gene_1697,196.17690300914978,193.075,154.9942307692308,0.0,192.425,963.3788461538462,0.0,0.020821182409897387
gene_1698,1.346166677195957,1.05,0.8692307692307691,0.3,1.275,1.948076923076923,0.375,0.414041936278589
gene_1699,0.7498440672198113,0.525,0.8198717948717947,0.65,0.7,1.3948717948717946,0.625,1.418105700925896
gene_1700,54.53810682643904,57.375,49.419871794871796,0.0,57.45,200.1,0.0,0.04322069139470633
gene_1701,0.31896394087927,0.25,0.24358974358974358,0.775,0.275,0.5121794871794872,0.85,3.136257640241052
gene_1702,0.31853527911733664,0.4,0.45128205128205134,0.675,0.25,0.3974358974358974,0.825,2.3589743212307694
gene_1703,15.552579331137764,16.0,11.076923076923077,0.0,14.875,38.419871794871796,0.0,0.10640998480792209
gene_1704,80.66268392283318,80.35,58.33589743589744,0.0,82.6,500.19487179487174,0.0,0.06120614997373652
gene_1705,136.3964332696005,135.85,97.87435897435897,0.0,132.95,687.125641025641,0.0,0.031352396942956565
gene_1706,768.133841276736,767.25,848.5512820512821,0.0,753.15,14965.823076923076,0.0,0.025056061453838027
gene_1707,32.238953640027376,33.325,35.81474358974359,0.0,30.925,129.81474358974359,0.0,0.1034026893391673
gene_1708,32.003266456141446,32.45,35.07435897435898,0.0,31.65,139.05384615384614,0.0,0.10721916114866036
gene_1709,216.10615270500256,215.775,250.74294871794874,0.0,211.15,1755.3102564102567,0.0,0.03463460180224163
gene_1710,4.0999832137889545,3.875,4.778846153846154,0.05,3.9,15.220512820512823,0.075,0.7442809217467813
gene_1711,1.1412974647573801,1.05,1.3307692307692307,0.425,1.125,2.8301282051282053,0.475,1.347261790641733
gene_1712,128.71192038003144,128.4,116.70769230769231,0.0,134.775,562.2814102564103,0.0,0.023535528236523377
gene_1713,475.6021478545062,473.0,484.05128205128204,0.0,475.375,5209.0608974358975,0.0,0.020947237665649605
gene_1714,10.609256885037327,11.075,10.942948717948717,0.0,9.125,26.67628205128205,0.0,0.21078664876497671
gene_1715,522.9489391886698,519.15,469.6179487179487,0.0,536.825,4523.891666666667,0.0,0.013835282517574024
gene_1716,1.9586153037660063,2.225,2.2814102564102563,0.075,2.325,4.378846153846154,0.2,0.37994610308081067
gene_1717,5.576566627080128,6.0,5.794871794871795,0.0,4.875,12.778846153846153,0.05,0.3325747230932735
gene_1718,261.88755732318214,259.95,298.8179487179487,0.0,265.425,1560.4557692307692,0.0,0.018382155477857317
gene_1719,596.8143044382407,598.025,495.1532051282051,0.0,567.8,6596.779487179488,0.0,0.018700491875725176
gene_1720,49.76326251442162,48.45,43.22820512820513,0.0,48.65,269.6179487179487,0.0,0.0933605915601425
gene_1721,655.1647635730969,657.675,593.6608974358975,0.0,641.125,10021.753205128205,0.0,0.022821621549030287
gene_1722,5.792511914454561,5.6,7.630769230769231,0.0,5.225,12.640384615384615,0.0,0.27161959168015376
gene_1723,3.067363091216721,3.5,3.6923076923076925,0.025,1.975,5.050641025641026,0.375,0.788499541702298
gene_1724,20.80525288160782,20.25,21.371794871794872,0.0,20.0,62.1025641025641,0.0,0.10525641025614711
gene_1725,431.1404694530891,429.35,394.9,0.0,458.275,5949.383974358973,0.0,0.02614614892042191
gene_1726,0.7678364685572902,0.7,0.7794871794871794,0.5,0.575,0.9173076923076923,0.675,1.0353351720903052
gene_1727,6.313421853633668,6.8,9.24102564102564,0.0,6.2,19.189743589743593,0.05,0.3379225699637271
gene_1728,128.76292043729518,130.975,172.43525641025641,0.0,129.25,879.6282051282051,0.0,0.04491786523968649
gene_1729,45.266060379235554,45.65,35.51538461538461,0.0,43.725,174.1019230769231,0.0,0.06819320324608193
gene_1730,1.803576178701033,1.625,1.983974358974359,0.175,1.65,3.2589743589743585,0.325,0.5909914998653323
gene_1731,2.006308806307894,1.95,1.228205128205128,0.05,1.825,3.7891025641025635,0.3,0.5897099083543941
gene_1732,0.3455870211158423,0.3,0.21538461538461534,0.7,0.25,0.5,0.85,3.999999936000001
gene_1733,29.237151884438088,31.375,32.49679487179487,0.0,30.3,69.3948717948718,0.0,0.04258283152504572
gene_1734,784.6137017788215,784.45,985.5871794871794,0.0,814.15,10490.43846153846,0.0,0.014598221612205265
gene_1735,0.8487304910031995,0.775,0.6916666666666667,0.475,1.325,4.99423076923077,0.525,2.0899854850214505
gene_1736,160.96083715139446,160.8,230.0102564102564,0.0,167.95,750.5102564102565,0.0,0.020652890211648456
gene_1737,2.739261267188454,3.0,2.871794871794872,0.025,1.775,3.204487179487179,0.325,0.45371543075848886
gene_1738,60.95845623146896,61.825,58.14807692307693,0.0,62.275,454.8711538461538,0.0,0.10123217507614875
gene_1739,851.6161777954942,861.35,708.6948717948719,0.0,843.4,15176.964102564101,0.0,0.020150554415158246
gene_1740,75.61398837414144,76.25,57.67948717948718,0.0,73.2,331.44615384615383,0.0,0.04819607816113231
gene_1741,6.127865442494254,6.25,8.602564102564102,0.0,6.5,17.846153846153847,0.0,0.26854802002095385
gene_1742,2.1024275571479,2.1,1.784615384615385,0.1,2.275,8.819871794871796,0.3,1.2645568010833936
gene_1743,56.824612751344034,57.125,55.24038461538461,0.0,53.2,227.70256410256408,0.0,0.061656454612507204
gene_1744,714.9568101449617,712.05,554.1512820512821,0.0,689.525,10067.332692307691,0.0,0.01972428588829121
gene_1745,150.97661989755258,151.9,133.16923076923078,0.0,157.8,1151.2410256410255,0.0,0.039895884060175704
gene_1746,744.4949550728193,744.825,572.7121794871795,0.0,765.625,9210.13782051282,0.0,0.014405966061149708
gene_1747,87.69213182736567,89.4,91.83589743589744,0.0,87.25,301.37179487179486,0.0,0.02812742685157156
gene_1748,842.1679901454376,841.975,594.5378205128205,0.0,831.325,20750.32756410256,0.0,0.028822118903674546
gene_1749,500.68872271400375,494.475,531.5378205128205,0.0,485.025,7646.74294871795,0.0,0.03044310632102325
gene_1750,0.362900388960282,0.325,0.3788461538461539,0.75,0.125,0.11217948717948718,0.875,0.0001
gene_1751,201.33505749020276,202.45,207.8948717948718,0.0,201.75,1470.2948717948718,0.0,0.031165833573206948
gene_1752,0.4185540413986414,0.5,0.358974358974359,0.55,0.3,0.4717948717948718,0.8,1.9088318876226658
gene_1753,76.51130161258014,74.4,75.06666666666668,0.0,80.85,355.2076923076923,0.0,0.041971751486719895
gene_1754,142.89570555737717,145.675,117.96858974358973,0.0,137.875,828.0096153846154,0.0,0.036304692291946765
gene_1755,26.34587103404369,26.025,27.819871794871794,0.0,26.35,75.41282051282052,0.0,0.07066286993832095
gene_1756,18.876966995699966,19.6,15.57948717948718,0.0,18.2,77.7025641025641,0.0,0.1796358051635807
gene_1757,0.8308015011647947,0.875,0.7275641025641025,0.4,1.125,1.9583333333333333,0.45,0.6584362134715236
gene_1758,3.0571524751351564,3.8,3.958974358974359,0.0,2.975,9.255769230769232,0.15,0.7096413225122057
gene_1759,1.5161659318001743,1.6,1.4256410256410257,0.2,1.95,5.176923076923077,0.35,0.8486319726691506
gene_1760,6.261007368195844,6.575,4.353205128205128,0.0,6.15,23.46410256410256,0.05,0.45777255770096603
gene_1761,0.6633691447543875,0.45,0.3051282051282052,0.575,0.6,1.9897435897435896,0.725,3.86039884967553
gene_1762,9.137003178599537,8.225,13.871153846153847,0.0,9.4,17.887179487179488,0.0,0.0960522802974585
gene_1763,0.46251064995374797,0.45,0.458974358974359,0.65,0.275,0.5634615384615385,0.825,3.81436740029317
gene_1764,0.37491816423155816,0.4,0.2974358974358975,0.625,0.4,0.2974358974358975,0.625,0.0001
gene_1765,931.4860778702051,936.925,749.9685897435897,0.0,938.925,19728.99423076923,0.0,0.02131407916895306
gene_1766,2.718721895747574,2.55,1.9461538461538463,0.05,2.8,10.061538461538461,0.3,0.926216640384215
gene_1767,0.8843572833539729,0.775,0.9480769230769232,0.5,0.6,1.1692307692307693,0.65,1.5811965768043688
gene_1768,9.782901636499107,9.825,8.558333333333334,0.0,9.075,17.14807692307692,0.0,0.09802702514829917
gene_1769,1.5496027631157459,1.725,1.5891025641025642,0.175,1.025,0.7942307692307693,0.325,0.0001
gene_1770,644.8995876607274,651.425,583.6865384615385,0.0,646.3,6943.1897435897445,0.0,0.01507501584098941
gene_1771,4.608993266027098,4.15,5.412820512820513,0.0,4.85,8.233333333333334,0.025,0.14383391787392927
gene_1772,77.09077065860288,76.7,64.52307692307693,0.0,75.65,400.74615384615385,0.0,0.05680596825242644
gene_1773,4.584136046513838,4.7,5.343589743589744,0.025,3.875,8.676282051282051,0.075,0.3197523946530563
gene_1774,20.44747208556419,20.2,18.625641025641027,0.0,21.5,85.33333333333333,0.0,0.1380926627002601
gene_1775,0.5091680880540953,0.5,0.5641025641025641,0.625,0.5,0.5641025641025641,0.625,0.2564102553846153
gene_1776,0.40353073956695007,0.475,0.307051282051282,0.55,0.375,0.5993589743589743,0.775,1.5954415840962328
gene_1777,55.8263180353626,54.9,49.98974358974359,0.0,54.15,200.18205128205128,0.0,0.04980251371851948
gene_1778,10.96841084675159,10.8,13.035897435897436,0.0,11.925,34.0198717948718,0.0,0.15537269917920912
gene_1779,927.7257459799181,924.15,797.976923076923,0.0,935.85,15746.387179487181,0.0,0.016910572914239523
gene_1780,1.5914792364292865,1.575,2.0967948717948715,0.25,2.15,4.592307692307691,0.225,0.5283521236948273
gene_1781,385.8487636537482,386.775,427.05064102564097,0.0,386.675,3397.455769230769,0.0,0.02013663717712178
gene_1782,0.6394127798703455,0.7,0.6256410256410256,0.5,0.325,0.32756410256410257,0.725,0.024275527004279554
gene_1783,126.19138675791186,126.15,119.56666666666668,0.0,124.575,911.0711538461538,0.0,0.050679790563604186
gene_1784,6.7898960260922285,7.3,9.035897435897436,0.0,7.175,20.712179487179487,0.0,0.2629567820304538
gene_1785,104.99483581381261,107.25,97.21794871794872,0.0,105.675,476.53269230769234,0.0,0.03320953376889746
gene_1786,1.9699561435368371,1.75,1.6794871794871795,0.15,2.375,6.394230769230769,0.275,0.7125506071611246
gene_1787,2.2035628728678494,2.05,2.407692307692308,0.125,2.45,7.125641025641025,0.325,0.7789489420844773
gene_1788,492.15572182945914,495.025,459.3583333333333,0.0,498.8,7438.31794871795,0.0,0.027891791738496055
gene_1789,1.0823609490693094,0.975,0.8967948717948716,0.4,1.225,3.7685897435897435,0.5,1.6950202361647464
gene_1790,316.6827493512607,318.825,509.22499999999997,0.0,317.6,3657.2205128205123,0.0,0.0331082428749754
gene_1791,66.16389261041601,65.3,93.80512820512821,0.0,66.65,265.31025641025644,0.0,0.04472091535491787
gene_1792,18.139296451188375,18.275,22.51217948717949,0.0,13.2,38.98461538461539,0.0,0.14798332980066237
gene_1793,823.45383942212,827.825,1129.0198717948717,0.0,802.2,15027.65128205128,0.0,0.02210552009468858
gene_1794,55.65070954707299,58.675,69.60961538461538,0.0,53.975,179.3070512820513,0.0,0.04302063790001359
gene_1795,0.37184058709156204,0.275,0.2557692307692308,0.75,0.4,0.5538461538461539,0.675,0.9615384555288461
gene_1796,45.73227639073956,46.0,34.61538461538461,0.0,47.1,150.81025641025641,0.0,0.046749814691697957
gene_1797,681.2110973579657,689.025,593.1019230769231,0.0,681.425,10828.404487179489,0.0,0.021852476241433827
gene_1798,61.96593105635646,65.15,72.74615384615385,0.0,61.85,396.90000000000003,0.0,0.0875850968095452
gene_1799,7.595786374599978,8.55,9.638461538461538,0.0,7.3,17.907692307692308,0.05,0.19905596373603401
gene_1800,1.1788104253372016,1.275,1.383974358974359,0.325,1.3,2.317948717948718,0.4,0.6023365191398706
gene_1801,1.4571227990207722,1.575,1.0711538461538461,0.175,1.45,3.68974358974359,0.4,1.0652763798707792
gene_1802,1.128678593422898,0.925,0.942948717948718,0.425,0.9,1.6307692307692307,0.5,0.902184234403761
gene_1803,143.8545930820646,144.775,136.84551282051282,0.0,140.175,1170.7121794871796,0.0,0.05244722750729221
gene_1804,228.63632401416888,231.475,361.1788461538461,0.0,225.575,1781.532692307692,0.0,0.03057847706386975
gene_1805,314.5800039060233,319.725,393.9480769230769,0.0,319.75,3288.2948717948716,0.0,0.02903504555070907
gene_1806,0.44036828383377946,0.35,0.2846153846153846,0.675,0.35,0.4897435897435898,0.75,1.1407639885944967
gene_1807,0.8338617188112368,1.1,1.0153846153846153,0.35,0.725,1.4352564102564103,0.65,1.351260706597193
gene_1808,5.869172144729771,5.225,3.9737179487179484,0.0,6.525,25.74294871794872,0.025,0.45138383094780965
gene_1809,99.25973510607412,98.35,90.89999999999999,0.0,97.6,433.7333333333333,0.0,0.03528677326883084
gene_1810,8.18149456601856,7.375,6.44551282051282,0.0,9.65,19.823076923076922,0.0,0.10924402720038312
gene_1811,6.943757735437612,6.5,6.0,0.0,6.125,22.419871794871796,0.0,0.434348935795084
gene_1812,2.7132380569323193,2.725,2.153205128205128,0.075,2.3,6.010256410256409,0.225,0.7013717220330885
gene_1813,92.42149724214212,93.825,83.37884615384615,0.0,95.65,471.8230769230769,0.0,0.04111665356472697
gene_1814,1.6046690465339033,1.55,1.0743589743589745,0.15,1.425,3.1224358974358974,0.325,0.8359179546198728
gene_1815,85.50557123934652,87.175,75.7378205128205,0.0,83.475,404.050641025641,0.0,0.046006337800846564
gene_1816,275.9102280979653,277.325,246.17371794871798,0.0,269.075,2532.7378205128202,0.0,0.03126547563884498
gene_1817,38.28521991603747,39.45,38.66410256410256,0.0,40.075,93.25064102564103,0.0,0.03311049488111719
gene_1818,109.02786595781107,107.225,109.7173076923077,0.0,116.8,766.2153846153846,0.0,0.04760328103121899
gene_1819,257.3578296352544,257.65,241.05384615384617,0.0,268.05,2267.8435897435897,0.0,0.027832585304020253
gene_1820,705.7291598548552,700.275,664.050641025641,0.0,686.6,11226.810256410256,0.0,0.02235844914116468
gene_1821,354.6193408641623,353.925,430.4814102564103,0.0,367.925,4410.224999999999,0.0,0.02986138483926636
gene_1822,2.397650103739181,2.425,2.40448717948718,0.075,1.65,5.207692307692308,0.4,1.306774033566771
gene_1823,60.106749131294976,60.975,61.30705128205128,0.0,60.025,387.5121794871794,0.0,0.09089290110436453
gene_1824,0.3987742642018254,0.3,0.2666666666666666,0.725,0.375,0.4967948717948718,0.725,0.8660968599379552
gene_1825,9.70765866161648,10.4,15.015384615384615,0.0,8.7,28.471794871794874,0.0,0.26122070116968765
gene_1826,369.111558796043,372.4,311.06666666666666,0.0,344.95,2623.4333333333334,0.0,0.019148447022763977
gene_1827,16.85706067732612,17.475,17.178846153846152,0.0,16.825,71.1224358974359,0.025,0.19180908582932546
gene_1828,38.50406170148867,38.625,31.778846153846153,0.0,38.875,120.21474358974359,0.0,0.053822268067329176
gene_1829,4.648888806355803,4.875,4.419871794871795,0.025,4.3,12.266666666666666,0.075,0.4308635298126448
gene_1830,26.802128943618023,26.775,23.050641025641028,0.0,29.4,85.01538461538462,0.0,0.06434284859933394
gene_1831,293.1666384125743,294.075,405.8660256410256,0.0,298.425,2518.609615384615,0.0,0.024929793654653924
gene_1832,311.65326324838315,311.525,389.12756410256407,0.0,326.125,3305.701923076923,0.0,0.028014728489732854
gene_1833,1.5682130462781485,1.95,1.7410256410256408,0.15,1.45,1.8435897435897437,0.25,0.18720082920453884
gene_1834,46.17478792235722,47.2,46.93333333333333,0.0,44.7,264.26666666666665,0.0,0.10988827663746716
gene_1835,2.806052087784104,2.725,3.3326923076923074,0.1,2.65,4.387179487179487,0.2,0.24737336944565516
gene_1836,794.482458805418,795.05,1102.6128205128205,0.0,771.525,11198.819871794873,0.0,0.01751748073737895
gene_1837,0.5814147246055175,0.725,0.7173076923076922,0.475,0.575,1.1737179487179485,0.675,1.810867136202893
gene_1838,26.472230070527054,24.525,19.230128205128207,0.0,25.975,64.89679487179487,0.0,0.057687503804724025
gene_1839,273.2449895168352,274.725,415.23012820512815,0.0,261.875,1781.8557692307693,0.0,0.02216409549518807
gene_1840,94.20872792240414,96.525,70.40961538461538,0.0,97.175,431.63525641025643,0.0,0.035418928587521166
gene_1841,9.753858397950804,9.125,9.240384615384615,0.0,8.775,24.691666666666663,0.0,0.20670827888033316
gene_1842,46.89469011454179,46.7,49.6,0.0,43.95,190.04871794871798,0.0,0.07563601618275102
gene_1843,45.8560262610983,44.35,53.207692307692305,0.0,48.7,208.9846153846154,0.0,0.06758244769955087
gene_1844,504.33317215686895,499.825,498.3019230769231,0.0,505.125,5657.804487179487,0.0,0.020194606813169584
gene_1845,3.7086133657347196,3.875,4.112179487179487,0.05,3.825,14.096794871794874,0.15,0.7020749196355451
gene_1846,1.5076751201602725,1.15,1.2589743589743592,0.3,1.375,5.727564102564102,0.425,2.3021826646013457
gene_1847,0.49389114039593757,0.575,0.6608974358974359,0.575,0.525,0.7173076923076922,0.65,0.6977149808978763
gene_1848,0.9565759706078705,1.075,1.5583333333333333,0.425,0.975,1.8198717948717946,0.5,0.8887540239137838
gene_1849,236.66072682122484,233.7,198.1641025641026,0.0,221.225,1528.4865384615387,0.0,0.02671124164581453
gene_1850,682.2050840554618,684.075,490.01987179487185,0.0,671.2,8294.523076923078,0.0,0.016921561237258558
gene_1851,34.536740460335615,34.175,35.327564102564104,0.0,34.45,108.3051282051282,0.0,0.062230344311767084
gene_1852,43.715853366254244,44.975,63.35833333333334,0.0,45.425,248.96858974358977,0.0,0.09864329203870915
gene_1853,75.52455960960293,75.6,71.68205128205128,0.0,79.55,223.4846153846154,0.0,0.022744944616515144
gene_1854,0.7696176323992646,0.5,0.46153846153846156,0.6,0.9,1.5282051282051283,0.5,0.7755618857155141
gene_1855,8.394385919426329,7.4,8.04102564102564,0.0,8.0,25.025641025641026,0.025,0.26602564102148435
gene_1856,1.1256493368657146,1.375,1.1121794871794872,0.2,0.9,1.6820512820512823,0.55,0.965495408747885
gene_1857,0.42942306305829037,0.425,0.507051282051282,0.7,0.575,1.0198717948717946,0.675,1.3455479577353398
gene_1858,121.80192811815665,123.075,151.19935897435897,0.0,124.25,653.2179487179487,0.0,0.03426388179979933
gene_1859,1.7476182557591262,1.875,1.5480769230769231,0.175,1.95,5.587179487179488,0.3,0.9565232047923641
gene_1860,0.9002566383772929,0.85,0.6435897435897436,0.35,1.075,3.7121794871794873,0.575,2.28203741256675
gene_1861,3.217574133622177,2.775,2.1788461538461537,0.025,2.95,9.587179487179489,0.25,0.7626750343483841
gene_1862,6.2976121084215455,6.325,9.968589743589744,0.0,4.8,16.010256410256407,0.075,0.48655626778514977
gene_1863,62.27803611767868,62.05,54.40769230769231,0.0,61.15,264.0794871794872,0.0,0.05426905199522987
gene_1864,31.890949774213887,31.725,34.30705128205128,0.0,35.7,116.88205128205128,0.0,0.06369767615437356
gene_1865,115.21782795820765,111.825,101.84038461538461,0.0,114.175,390.199358974359,0.0,0.021174119969999287
gene_1866,66.75563887177246,65.825,65.58397435897436,0.0,66.275,293.1788461538461,0.0,0.05165857056084414
gene_1867,19.100812761311055,20.325,19.712179487179483,0.0,18.6,63.93846153846154,0.0,0.1310511664306003
gene_1868,163.88891304595822,162.15,107.97692307692309,0.0,162.525,791.1275641025641,0.0,0.023797744570104345
gene_1869,34.992967190594904,35.75,44.3974358974359,0.0,37.675,144.99423076923077,0.0,0.07560857085454707
gene_1870,50.89049879702987,51.5,58.97435897435897,0.0,50.65,192.59230769230768,0.0,0.05532901800473504
gene_1871,19.12232901052653,18.775,19.10192307692308,0.0,18.6,69.01538461538462,0.0,0.14572605103260172
gene_1872,280.96238386050703,277.575,254.35320512820513,0.0,286.975,3203.1019230769234,0.0,0.03540937762404463
gene_1873,3.1349699857367272,3.125,2.7788461538461537,0.05,3.0,12.717948717948717,0.175,1.079772079652105
gene_1874,0.39270912679317926,0.35,0.48974358974358967,0.75,0.525,0.7173076923076923,0.65,0.6977149808978768
gene_1875,2.3549873755062847,2.675,2.7891025641025644,0.075,2.325,4.430128205128206,0.15,0.38943289716522556
gene_1876,53.097228552495594,49.875,50.5224358974359,0.0,50.45,161.22820512820513,0.0,0.04352431884227742
gene_1877,0.8401905696401623,0.875,0.9839743589743589,0.4,0.95,1.228205128205128,0.475,0.30826052952561506
gene_1878,0.5279095592685324,0.65,0.7461538461538462,0.525,0.525,0.46089743589743587,0.575,0.0001
gene_1879,863.6006188387554,863.725,979.7429487179488,0.0,874.75,13281.423076923076,0.0,0.016213897983898634
gene_1880,2.09267051245938,2.1,1.9897435897435896,0.125,2.225,4.589102564102565,0.25,0.47753618252746444
gene_1881,0.7611236673553871,0.725,0.9224358974358973,0.55,0.45,0.40769230769230774,0.625,0.0001
gene_1882,1.0635990021804296,1.175,1.019871794871795,0.275,1.225,1.3583333333333334,0.325,0.0888518672183133
gene_1883,0.41204793464368605,0.275,0.2557692307692308,0.75,0.425,0.7634615384615385,0.75,1.873835496679325
gene_1884,5.021486239714533,5.475,6.512179487179487,0.0,5.25,23.166666666666668,0.125,0.6500377928713517
gene_1885,699.8827418266421,699.825,897.3788461538462,0.0,696.375,9893.778846153846,0.0,0.01896613830848609
gene_1886,5.074219825223762,4.9,6.707692307692308,0.0,4.325,12.942948717948719,0.05,0.4607142887494004
gene_1887,1.1636683399211305,1.25,0.7051282051282052,0.15,0.875,0.9326923076923077,0.425,0.07535321811194057
gene_1888,17.05994992095834,17.25,10.294871794871796,0.0,17.05,48.15128205128205,0.0,0.1069866342779132
gene_1889,4.16990811822606,4.75,5.884615384615385,0.0,4.025,11.66602564102564,0.1,0.4716500530414098
gene_1890,171.15319171087685,172.225,177.97371794871796,0.0,173.075,1011.5070512820512,0.0,0.02798976108588454
gene_1891,10.61071144546648,10.525,11.230128205128205,0.0,11.575,31.942948717948713,0.0,0.15202159803178034
gene_1892,12.161518187061356,12.625,19.932692307692307,0.0,12.0,45.02564102564103,0.0,0.2293447293431367
gene_1893,44.84653045253878,45.725,40.51217948717949,0.0,45.45,179.4846153846154,0.0,0.0648857303433338
gene_1894,544.7726389421708,546.975,678.5891025641025,0.0,551.325,8815.250641025641,0.0,0.02718760981314208
gene_1895,258.17399562246857,252.475,237.48653846153846,0.0,261.425,1812.7121794871794,0.0,0.022698542416111307
gene_1896,1.1370125499260095,1.575,1.1224358974358974,0.1,0.8,1.0871794871794873,0.5,0.448717948016827
gene_1897,219.50613822825218,221.5,186.46153846153845,0.0,231.275,1997.1275641025643,0.0,0.03301391745305772
gene_1898,0.4441523285809865,0.425,0.3532051282051282,0.625,0.4,0.45128205128205134,0.675,0.3205128185096156
gene_1899,168.72770748636486,167.125,155.08653846153845,0.0,176.6,1502.6051282051283,0.0,0.04251711670310489
gene_1900,295.8357495840724,300.175,296.55833333333334,0.0,309.85,2925.617948717949,0.0,0.027245589755873545
gene_1901,95.43960014389334,96.3,134.77948717948718,0.0,93.575,340.6096153846154,0.0,0.028212277103052203
gene_1902,3.5745378060092237,3.425,3.3788461538461534,0.025,3.775,11.153205128205126,0.125,0.5177460727292579
gene_1903,887.1089143400882,881.75,732.2435897435897,0.0,862.425,10813.73782051282,0.0,0.013379432837641664
gene_1904,26.376851883954746,27.4,32.50256410256411,0.0,26.575,122.71217948717948,0.0,0.13612717444396208
gene_1905,391.3697495789164,392.825,263.4301282051282,0.0,387.95,3528.971794871795,0.0,0.02086985527873546
gene_1906,3.2934620114071262,2.925,2.2762820512820516,0.025,2.95,4.971794871794871,0.15,0.23232345550848
gene_1907,8.22141222881594,9.025,9.973717948717947,0.0,8.2,19.702564102564104,0.0,0.17106728290293036
gene_1908,26.553591097202712,27.125,26.112179487179485,0.0,24.0,91.8974358974359,0.0,0.11787749287728823
gene_1909,695.336693192847,693.85,727.2076923076922,0.0,680.35,11594.797435897435,0.0,0.023579629419958708
gene_1910,0.4257385128005358,0.45,0.458974358974359,0.65,0.525,1.7429487179487178,0.775,4.418861545686552
gene_1911,249.20227748532793,249.425,344.5583333333333,0.0,242.8,1584.420512820513,0.0,0.022757907349804353
gene_1912,455.0349760585747,459.9,332.8615384615385,0.0,471.4,6800.041025641025,0.0,0.02847943085086821
gene_1913,13.426143404784892,14.05,17.792307692307688,0.0,14.375,63.368589743589745,0.0,0.23709563278446652
gene_1914,98.66701056756456,97.3,90.77948717948718,0.0,98.45,488.92051282051284,0.0,0.04028624614180772
gene_1915,408.71922056673674,406.025,529.8711538461538,0.0,424.35,4183.156410256411,0.0,0.02087380133599148
gene_1916,13.950403955795414,13.9,10.553846153846154,0.0,13.775,27.30705128205128,0.0,0.07131492337366459
gene_1917,2.0060423247206067,1.5,1.5384615384615385,0.275,1.65,4.13076923076923,0.375,0.9112100017843969
gene_1918,1.053116826112837,0.8,0.7794871794871795,0.45,1.15,3.9256410256410255,0.575,2.098783382640637
gene_1919,0.8074257960752182,0.75,1.1666666666666667,0.6,0.975,1.6147435897435898,0.5,0.6729715598375998
gene_1920,0.4035844888174824,0.425,0.40448717948717944,0.65,0.3,0.42051282051282046,0.775,1.3390313241532128
gene_1921,25.865970215464785,24.8,35.805128205128206,0.0,28.675,99.40448717948718,0.0,0.08601885475627018
gene_1922,2.2729057745270933,2.525,2.8198717948717946,0.075,2.95,6.356410256410257,0.125,0.3914289291604513
gene_1923,0.5917118477692002,0.775,0.6403846153846154,0.45,0.625,1.1121794871794872,0.625,1.2471794839867076
gene_1924,55.88836155984028,54.65,56.74615384615385,0.0,55.275,239.99935897435898,0.0,0.060459794354750164
gene_1925,57.11779548366978,57.3,69.90769230769232,0.0,59.65,213.1051282051282,0.0,0.043128118327877996
gene_1926,50.850788253590224,49.425,30.045512820512815,0.0,47.225,141.6147435897436,0.0,0.042323431592483425
gene_1927,11.885978983750306,12.1,9.835897435897436,0.0,11.6,47.117948717948714,0.0,0.2639562181754218
gene_1928,808.0386202373669,810.4,906.8102564102563,0.0,819.675,15789.712179487176,0.0,0.022281247368944154
gene_1929,12.519516101221992,12.575,12.35320512820513,0.0,12.05,22.920512820512823,0.0,0.07486450178501029
gene_1930,76.12285847672243,79.5,70.0,0.0,76.6,418.34871794871793,0.0,0.05824375344242917
gene_1931,200.85539643780734,195.225,206.89679487179487,0.0,198.25,937.5769230769231,0.0,0.018810924036184312
gene_1932,820.6190223956609,818.45,787.7923076923078,0.0,817.625,12504.291666666666,0.0,0.017481646448799407
gene_1933,69.75725337466153,69.8,54.67692307692308,0.0,72.425,388.6608974358974,0.0,0.060288455699215746
gene_1934,27.50995891192891,27.025,28.025000000000002,0.0,26.05,65.79230769230769,0.0,0.058564929678639736
gene_1935,128.55315482121668,130.4,177.9897435897436,0.0,124.35,661.9769230769231,0.0,0.03476877822267351
gene_1936,0.5343316930980099,0.7,0.8820512820512818,0.475,0.55,1.6384615384615384,0.725,3.5982199499613823
gene_1937,0.3876672074862465,0.525,0.4608974358974359,0.575,0.375,0.3942307692307692,0.7,0.13675213577967704
gene_1938,41.51924227874341,41.125,35.24038461538461,0.0,40.9,143.52820512820514,0.0,0.06135078408674254
gene_1939,125.38754630351448,124.25,71.16666666666667,0.0,128.175,734.0455128205128,0.0,0.03687849285502485
gene_1940,228.8498598352122,232.975,299.050641025641,0.0,238.575,2324.712179487179,0.0,0.036651605063982184
gene_1941,272.28647633300005,268.125,329.49679487179486,0.0,276.175,1909.6352564102563,0.0,0.021416073407003126
gene_1942,9.10363883157894,8.6,5.220512820512821,0.0,9.4,36.5025641025641,0.0,0.3067288830042708
gene_1943,1.968368247514109,2.15,2.592307692307692,0.125,2.05,7.894871794871796,0.375,1.3908082792340246
gene_1944,797.3640420854492,791.175,675.4814102564102,0.0,807.85,17003.720512820517,0.0,0.02481663180386042
gene_1945,1.069588657346896,0.8,0.7794871794871796,0.45,0.975,1.6147435897435896,0.5,0.6729715598375996
gene_1946,824.803057958902,831.9,1256.5025641025643,0.0,797.525,18089.17884615385,0.0,0.027186163313489987
gene_1947,24.10818018139262,24.05,28.561538461538465,0.0,25.45,95.94615384615383,0.0,0.10884033000651533
gene_1948,3.35139207510898,3.625,4.342948717948718,0.05,3.9,11.169230769230769,0.075,0.4779244423900621
gene_1949,272.1597018751951,269.125,300.00961538461536,0.0,275.1,2267.8871794871798,0.0,0.026331751006469915
gene_1950,27.84240836543268,26.275,21.127564102564104,0.0,27.325,74.63525641025642,0.0,0.06336288755635244
gene_1951,263.168828051988,263.6,183.5794871794872,0.0,264.15,1386.5410256410257,0.0,0.016085810771022762
gene_1952,7.260582717956823,6.9,6.707692307692308,0.0,7.6,21.066666666666666,0.0,0.233148661122464
gene_1953,180.22706827417622,180.525,139.3326923076923,0.0,173.2,1011.7025641025641,0.0,0.027951725304635747
gene_1954,14.880221539705467,15.075,19.40448717948718,0.0,14.9,59.52820512820514,0.0,0.20101889612181487
gene_1955,814.7548912363368,814.675,817.7121794871795,0.0,787.425,12439.430128205127,0.0,0.01879240090679562
gene_1956,43.70210822789702,43.775,42.33269230769232,0.0,40.125,168.2147435897436,0.0,0.0795580748414563
gene_1957,102.05724945295857,104.55,80.45897435897436,0.0,103.65,589.5153846153846,0.0,0.04522487197190062
gene_1958,393.9411325376135,395.925,443.04551282051284,0.0,389.875,4506.317307692308,0.0,0.02708140908567467
gene_1959,4.563249622234048,5.15,4.13076923076923,0.0,4.25,9.320512820512821,0.1,0.2807204329540263
gene_1960,54.17657867959072,53.75,29.525641025641026,0.0,55.775,221.61474358974354,0.0,0.05331009539864687
gene_1961,0.7947420298093353,1.0,1.1794871794871795,0.425,1.025,2.6403846153846153,0.525,1.5375463308478945
gene_1962,42.161702285265676,41.95,55.02307692307693,0.0,39.05,156.71538461538464,0.0,0.07716256260010558
gene_1963,17.47665068109095,16.55,15.484615384615385,0.0,16.2,40.882051282051286,0.0,0.09404835879422817
gene_1964,61.68289641957537,62.35,81.15641025641025,0.0,62.875,377.24038461538464,0.0,0.0795204305593063
gene_1965,116.23800991378171,115.9,104.7076923076923,0.0,119.975,534.3839743589743,0.0,0.02879039574579326
gene_1966,664.5709361545412,661.825,1075.0198717948717,0.0,650.675,9769.507051282051,0.0,0.021538277867633918
gene_1967,35.80613665665248,36.325,46.17371794871794,0.0,31.775,112.23012820512821,0.0,0.07968610746420182
gene_1968,99.44812704724154,97.5,70.61538461538461,0.0,96.1,489.01538461538456,0.0,0.04254536546709193
gene_1969,0.5460506448870949,0.65,0.6435897435897436,0.5,0.375,0.4967948717948718,0.725,0.8660968599379552
gene_1970,18.244914684622536,17.575,20.045512820512823,0.0,16.025,47.66602564102564,0.0,0.12321241679572406
gene_1971,9.855651643470965,9.325,9.558333333333334,0.0,10.825,34.917307692307695,0.0,0.20559975415818185
gene_1972,36.68072839131075,36.55,36.56153846153846,0.0,36.35,139.25897435897434,0.0,0.07788331339161822
gene_1973,9.398494999602775,8.8,11.035897435897436,0.0,8.75,19.115384615384617,0.0,0.1353846153828471
gene_1974,9.35163686673568,9.75,9.935897435897436,0.0,9.7,32.882051282051286,0.025,0.24638166948458823
gene_1975,4.20132025765647,4.725,5.435256410256411,0.05,4.55,13.79230769230769,0.1,0.4464343770975127
gene_1976,0.5421515697712261,0.575,0.507051282051282,0.55,0.525,0.8711538461538464,0.675,1.255886965616179
gene_1977,1.8828857012743432,2.175,2.1480769230769234,0.075,1.375,2.03525641025641,0.3,0.34922653085999794
gene_1978,251.491778420403,254.5,244.56410256410257,0.0,246.425,2353.583974358974,0.0,0.03469986392276041
gene_1979,144.10231759870211,145.425,166.55833333333334,0.0,150.125,1287.3429487179487,0.0,0.050458886757528236
gene_1980,181.25574667235753,182.625,265.57371794871796,0.0,171.425,1184.199358974359,0.0,0.03446389680695165
gene_1981,144.83476527972348,149.125,137.49679487179486,0.0,145.0,821.1282051282051,0.0,0.032158297509068866
gene_1982,15.228090066901201,15.975,20.025000000000002,0.0,14.975,41.66602564102564,0.0,0.11902319398622242
gene_1983,6.121364998476643,6.25,6.858974358974359,0.0,6.325,12.635256410256412,0.0,0.15773422887653119
gene_1984,180.19601225396826,180.55,162.56153846153845,0.0,182.25,760.5,0.0,0.01740927026706581
gene_1985,132.38815208332662,133.325,163.14807692307693,0.0,129.85,570.1307692307691,0.0,0.026112341006053637
gene_1986,1.5192616213034542,1.75,1.2179487179487178,0.125,1.15,2.4384615384615382,0.525,0.974262032126485
gene_1987,0.8265731583191819,0.75,0.9102564102564102,0.525,0.7,0.7282051282051282,0.525,0.05756148601544231
gene_1988,786.997258589562,790.875,781.1378205128206,0.0,778.7,16016.42051282051,0.0,0.025129257360787673
gene_1989,28.85280563393062,28.425,23.789102564102564,0.0,29.325,98.53269230769232,0.0,0.08047821340503684
gene_1990,21.54547682001867,21.175,22.45576923076923,0.0,21.425,58.66089743589744,0.0,0.08111854723378494
gene_1991,13.537579491549193,13.325,9.763461538461538,0.0,12.2,32.72820512820513,0.0,0.13792129217997323
gene_1992,2.6147226293652235,2.3,2.4205128205128204,0.125,2.3,6.625641025641025,0.275,0.8177015169798345
gene_1993,35.60853040010117,36.1,60.4,0.0,33.1,100.45128205128205,0.0,0.06147377447378225
gene_1994,975.5858912398451,976.45,852.2538461538462,0.0,994.1,20115.066666666666,0.0,0.019348606700736078
gene_1995,131.91706772181618,131.775,68.69166666666668,0.0,135.1,1015.1179487179487,0.0,0.04821485133516257
gene_1996,20.249971329566314,20.2,15.497435897435897,0.0,20.5,53.58974358974359,0.0,0.07873823578742381
gene_1997,6.551278035908338,6.275,6.409615384615385,0.0,6.45,16.766666666666666,0.025,0.24798189210789462
gene_1998,4.723415904701747,5.45,4.1000000000000005,0.0,5.875,19.90705128205128,0.05,0.4065420018222107
gene_1999,13.047769191128696,12.85,12.643589743589745,0.0,13.425,46.404487179487184,0.0,0.1829849237847574
